fragment.ID.full,individual.ID,temp.Cat,treatment,Temp.C,umol.cm2.hr,rate.type,light_dark,fragment.ID,genotype
K201a_2706,K201a,27,T1,26.44653272,0.520482356,NP,light,K201a,K2
K201a_2801,K201a,28,T1,27.12077611,0.60623535,NP,light,K201a,K2
K201a_2903,K201a,29,T1,28.4809316,0.79965963,NP,light,K201a,K2
K201a_3004,K201a,30,T1,29.30243299,0.394626224,NP,light,K201a,K2
K201a_3106,K201a,31,T1,30.02551912,0.435968512,NP,light,K201a,K2
K201a_3202,K201a,32,T1,31.44757175,0.822977388,NP,light,K201a,K2
K201a_3303,K201a,33,T1,32.56415912,0.536844339,NP,light,K201a,K2
K201a_3405,K201a,34,T1,32.92701723,-0.006601794,NP,light,K201a,K2
K201b_2703,K201b,27,T1,26.41847657,0.481147207,NP,light,K201b,K2
K201b_2805,K201b,28,T1,27.37569924,0.457487706,NP,light,K201b,K2
K201b_2906,K201b,29,T1,28.17806804,0.427055455,NP,light,K201b,K2
K201b_3002,K201b,30,T1,29.38777591,0.59897396,NP,light,K201b,K2
K201b_3104,K201b,31,T1,30.18058176,0.708926433,NP,light,K201b,K2
K201b_3205,K201b,32,T1,31.1978655,0.546302922,NP,light,K201b,K2
K201b_3301,K201b,33,T1,32.5590045,0.692069748,NP,light,K201b,K2
K201b_3402,K201b,34,T1,33.2056714,0.265973256,NP,light,K201b,K2
K201c_2701,K201c,27,T1,26.43534989,0.583397576,NP,light,K201c,K2
K201c_2803,K201c,28,T1,27.30795299,0.639783272,NP,light,K201c,K2
K201c_2904,K201c,29,T1,28.6130899,0.756835841,NP,light,K201c,K2
K201c_3006,K201c,30,T1,29.52390021,0.116186128,NP,light,K201c,K2
K201c_3102,K201c,31,T1,30.55022914,0.812877518,NP,light,K201c,K2
K201c_3203,K201c,32,T1,31.4359618,0.756212139,NP,light,K201c,K2
K201c_3305,K201c,33,T1,32.36407526,0.362600103,NP,light,K201c,K2
K201c_3406,K201c,34,T1,33.21438022,-0.056257118,NP,light,K201c,K2
K201d_2704,K201d,27,T1,26.45878894,0.447177564,NP,light,K201d,K2
K201d_2805,K201d,28,T1,27.25797298,0.514310567,NP,light,K201d,K2
K201d_2901,K201d,29,T1,28.37720234,0.813589139,NP,light,K201d,K2
K201d_3002,K201d,30,T1,29.57047449,0.686552121,NP,light,K201d,K2
K201d_3104,K201d,31,T1,29.96914889,0.759243396,NP,light,K201d,K2
K201d_3206,K201d,32,T1,31.3169683,0.338141485,NP,light,K201d,K2
K201d_3301,K201d,33,T1,32.53086145,0.735361045,NP,light,K201d,K2
K201d_3403,K201d,34,T1,33.27699033,0.269043734,NP,light,K201d,K2
K202a_2706,K202a,27,T2,26.46119376,0.478448692,NP,light,K202a,K2
K202a_2801,K202a,28,T2,27.14709405,0.608312936,NP,light,K202a,K2
K202a_2903,K202a,29,T2,28.34466775,0.761988362,NP,light,K202a,K2
K202a_3004,K202a,30,T2,29.42415932,0.326908851,NP,light,K202a,K2
K202a_3106,K202a,31,T2,29.99159624,0.512806754,NP,light,K202a,K2
K202a_3202,K202a,32,T2,31.43756074,0.890858887,NP,light,K202a,K2
K202a_3303,K202a,33,T2,32.32356975,0.620634752,NP,light,K202a,K2
K202a_3405,K202a,34,T2,32.98427253,0.106518661,NP,light,K202a,K2
K202b_2704,K202b,27,T2,26.45492399,0.483261684,NP,light,K202b,K2
K202b_2806,K202b,28,T2,27.2788037,0.440827126,NP,light,K202b,K2
K202b_2901,K202b,29,T2,28.40073564,0.691407684,NP,light,K202b,K2
K202b_3003,K202b,30,T2,29.32848164,0.447253867,NP,light,K202b,K2
K202b_3105,K202b,31,T2,30.02431189,0.582381139,NP,light,K202b,K2
K202b_3206,K202b,32,T2,31.28507227,0.111976779,NP,light,K202b,K2
K202b_3302,K202b,33,T2,32.58998733,0.334285063,NP,light,K202b,K2
K202b_3403,K202b,34,T2,33.17739486,-0.023890271,NP,light,K202b,K2
K202c_2703,K202c,27,T2,26.4303142,0.490611458,NP,light,K202c,K2
K202c_2804,K202c,28,T2,27.10976568,0.539924161,NP,light,K202c,K2
K202c_2906,K202c,29,T2,28.22361693,0.445339415,NP,light,K202c,K2
K202c_3001,K202c,30,T2,29.06065201,0.573473959,NP,light,K202c,K2
K202c_3103,K202c,31,T2,30.63144834,0.73408158,NP,light,K202c,K2
K202c_3205,K202c,32,T2,31.29324462,0.590550272,NP,light,K202c,K2
K202c_3306,K202c,33,T2,32.61182381,0.324003956,NP,light,K202c,K2
K202c_3402,K202c,34,T2,33.19777745,0.149617785,NP,light,K202c,K2
K202d_2705,K202d,27,T2,26.34020429,0.594449057,NP,light,K202d,K2
K202d_2806,K202d,28,T2,27.3998401,0.511195981,NP,light,K202d,K2
K202d_2902,K202d,29,T2,28.58641019,0.687692894,NP,light,K202d,K2
K202d_3003,K202d,30,T2,29.27583497,0.516028599,NP,light,K202d,K2
K202d_3105,K202d,31,T2,29.84755104,0.623119808,NP,light,K202d,K2
K202d_3201,K202d,32,T2,31.46096247,0.79010096,NP,light,K202d,K2
K202d_3302,K202d,33,T2,32.54433803,0.377156011,NP,light,K202d,K2
K202d_3404,K202d,34,T2,33.10987077,-0.111120121,NP,light,K202d,K2
K203a_2702,K203a,27,T3,26.43676416,0.461614113,NP,light,K203a,K2
K203a_2803,K203a,28,T3,27.1939769,0.49711596,NP,light,K203a,K2
K203a_2905,K203a,29,T3,28.31667203,0.677886359,NP,light,K203a,K2
K203a_3006,K203a,30,T3,29.37363933,0.029473732,NP,light,K203a,K2
K203a_3102,K203a,31,T3,30.42629868,0.798176826,NP,light,K203a,K2
K203a_3204,K203a,32,T3,31.38979109,0.541939745,NP,light,K203a,K2
K203a_3305,K203a,33,T3,32.42661286,0.222491971,NP,light,K203a,K2
K203a_3401,K203a,34,T3,33.1084862,-0.080221642,NP,light,K203a,K2
K203b_2701,K203b,27,T3,26.27048185,0.58934919,NP,light,K203b,K2
K203b_2802,K203b,28,T3,26.92302322,0.670793149,NP,light,K203b,K2
K203b_2904,K203b,29,T3,28.62893614,0.64494678,NP,light,K203b,K2
K203b_3005,K203b,30,T3,29.24767763,0.196096297,NP,light,K203b,K2
K203b_3101,K203b,31,T3,30.5093146,0.889417074,NP,light,K203b,K2
K203b_3203,K203b,32,T3,31.31001639,0.801142963,NP,light,K203b,K2
K203b_3304,K203b,33,T3,32.36561462,0.317478661,NP,light,K203b,K2
K203b_3406,K203b,34,T3,33.04200767,-0.1203268,NP,light,K203b,K2
K203c_2703,K203c,27,T3,26.27916124,0.503687259,NP,light,K203c,K2
K203c_2805,K203c,28,T3,27.28471706,0.492211558,NP,light,K203c,K2
K203c_2906,K203c,29,T3,28.23745869,0.405916652,NP,light,K203c,K2
K203c_3002,K203c,30,T3,29.46108923,0.615865111,NP,light,K203c,K2
K203c_3104,K203c,31,T3,30.06503908,0.702103997,NP,light,K203c,K2
K203c_3205,K203c,32,T3,31.21356399,0.38658217,NP,light,K203c,K2
K203c_3301,K203c,33,T3,32.49912536,0.554299055,NP,light,K203c,K2
K203c_3402,K203c,34,T3,33.11515152,0.034506643,NP,light,K203c,K2
K203d_2704,K203d,27,T3,26.49429016,0.469605179,NP,light,K203d,K2
K203d_2805,K203d,28,T3,27.28950498,0.441524342,NP,light,K203d,K2
K203d_2901,K203d,29,T3,28.39194861,0.775558643,NP,light,K203d,K2
K203d_3002,K203d,30,T3,29.41619267,0.507489731,NP,light,K203d,K2
K203d_3104,K203d,31,T3,30.18822623,0.613312348,NP,light,K203d,K2
K203d_3206,K203d,32,T3,31.29577238,0.140629936,NP,light,K203d,K2
K203d_3301,K203d,33,T3,32.37924261,0.50928401,NP,light,K203d,K2
K203d_3403,K203d,34,T3,33.1130971,-0.010263858,NP,light,K203d,K2
K20Ca_2704,K20Ca,27,C,26.36481988,0.526807765,NP,light,K20Ca,K2
K20Ca_2806,K20Ca,28,C,27.30945628,0.472132129,NP,light,K20Ca,K2
K20Ca_2901,K20Ca,29,C,28.40125521,0.788635596,NP,light,K20Ca,K2
K20Ca_3003,K20Ca,30,C,29.24296276,0.555997366,NP,light,K20Ca,K2
K20Ca_3105,K20Ca,31,C,30.00014011,0.746269352,NP,light,K20Ca,K2
K20Ca_3206,K20Ca,32,C,31.27275612,0.317097806,NP,light,K20Ca,K2
K20Ca_3302,K20Ca,33,C,32.58491569,0.546151244,NP,light,K20Ca,K2
K20Ca_3403,K20Ca,34,C,33.14568157,0.060195804,NP,light,K20Ca,K2
K20Cb_2703,K20Cb,27,C,26.21174644,0.478908108,NP,light,K20Cb,K2
K20Cb_2804,K20Cb,28,C,27.13471087,0.428283689,NP,light,K20Cb,K2
K20Cb_2906,K20Cb,29,C,28.27598873,0.321501228,NP,light,K20Cb,K2
K20Cb_3001,K20Cb,30,C,29.17342892,0.582223864,NP,light,K20Cb,K2
K20Cb_3103,K20Cb,31,C,30.17381116,0.556547559,NP,light,K20Cb,K2
K20Cb_3205,K20Cb,32,C,31.28072116,0.29968178,NP,light,K20Cb,K2
K20Cb_3306,K20Cb,33,C,32.5322023,0.015784834,NP,light,K20Cb,K2
K20Cb_3402,K20Cb,34,C,32.95014258,-0.127341334,NP,light,K20Cb,K2
K20Cc_2702,K20Cc,27,C,26.48239245,0.541423676,NP,light,K20Cc,K2
K20Cc_2803,K20Cc,28,C,27.18490347,0.578997298,NP,light,K20Cc,K2
K20Cc_2905,K20Cc,29,C,28.40299263,0.681327567,NP,light,K20Cc,K2
K20Cc_3006,K20Cc,30,C,29.49292508,0.145066108,NP,light,K20Cc,K2
K20Cc_3102,K20Cc,31,C,30.458859,0.823190951,NP,light,K20Cc,K2
K20Cc_3205,K20Cc,32,C,31.30785126,0.697414397,NP,light,K20Cc,K2
K20Cc_3305,K20Cc,33,C,32.46430401,0.425382232,NP,light,K20Cc,K2
K20Cc_3401,K20Cc,34,C,33.07677828,0.085651517,NP,light,K20Cc,K2
K20Cd_2703,K20Cd,27,C,26.33540661,0.494823704,NP,light,K20Cd,K2
K20Cd_2805,K20Cd,28,C,27.29533164,0.512075992,NP,light,K20Cd,K2
K20Cd_2906,K20Cd,29,C,28.15526867,0.408620437,NP,light,K20Cd,K2
K20Cd_3002,K20Cd,30,C,29.36772391,0.708502079,NP,light,K20Cd,K2
K20Cd_3104,K20Cd,31,C,30.12240875,0.682690794,NP,light,K20Cd,K2
K20Cd_3205,K20Cd,32,C,31.32679298,0.420608312,NP,light,K20Cd,K2
K20Cd_3301,K20Cd,33,C,32.49211228,0.430123297,NP,light,K20Cd,K2
K20Cd_3402,K20Cd,34,C,33.09428512,-0.010123162,NP,light,K20Cd,K2
M501a_2706,M501a,27,T1,26.3420711,0.311625063,NP,light,M501a,M5
M501a_2802,M501a,28,T1,27.14612023,0.45297449,NP,light,M501a,M5
M501a_2903,M501a,29,T1,28.36928644,0.637241792,NP,light,M501a,M5
M501a_3005,M501a,30,T1,29.26746216,0.072467725,NP,light,M501a,M5
M501a_3101,M501a,31,T1,30.47447403,0.74702389,NP,light,M501a,M5
M501a_3202,M501a,32,T1,31.3796444,0.644562632,NP,light,M501a,M5
M501a_3304,M501a,33,T1,32.41601549,0.381477446,NP,light,M501a,M5
M501a_3405,M501a,34,T1,33.20993692,-0.008204322,NP,light,M501a,M5
M501b_2702,M501b,27,T1,26.27576976,0.432881663,NP,light,M501b,M5
M501b_2803,M501b,28,T1,27.1743643,0.513676693,NP,light,M501b,M5
M501b_2905,M501b,29,T1,28.36482419,0.667922784,NP,light,M501b,M5
M501b_3006,M501b,30,T1,29.47159723,-0.008220228,NP,light,M501b,M5
M501b_3102,M501b,31,T1,30.46139932,0.696744297,NP,light,M501b,M5
M501b_3204,M501b,32,T1,31.26030882,0.588120586,NP,light,M501b,M5
M501b_3305,M501b,33,T1,32.46640824,0.389762275,NP,light,M501b,M5
M501b_3401,M501b,34,T1,33.00032411,0.061137744,NP,light,M501b,M5
M501c_2702,M501c,27,T1,26.51393848,0.505616919,NP,light,M501c,M5
M501c_2804,M501c,28,T1,27.15607018,0.543313297,NP,light,M501c,M5
M501c_2905,M501c,29,T1,28.33416498,0.669045403,NP,light,M501c,M5
M501c_3001,M501c,30,T1,29.11951798,0.632229337,NP,light,M501c,M5
M501c_3103,M501c,31,T1,30.50979066,0.680406838,NP,light,M501c,M5
M501c_3204,M501c,32,T1,31.28356967,0.591444694,NP,light,M501c,M5
M501c_3306,M501c,33,T1,32.39778831,0.127482643,NP,light,M501c,M5
M501c_3401,M501c,34,T1,33.0247433,0.109103748,NP,light,M501c,M5
M501d_2703,M501d,27,T1,26.45092746,0.504942286,NP,light,M501d,M5
M501d_2804,M501d,28,T1,27.07960971,0.569090164,NP,light,M501d,M5
M501d_2906,M501d,29,T1,28.09930041,0.396243737,NP,light,M501d,M5
M501d_3001,M501d,30,T1,29.13728609,0.625606503,NP,light,M501d,M5
M501d_3103,M501d,31,T1,30.53668272,0.754635167,NP,light,M501d,M5
M501d_3205,M501d,32,T1,31.1771532,0.369882505,NP,light,M501d,M5
M501d_3306,M501d,33,T1,32.61087964,0.123518503,NP,light,M501d,M5
M501d_3402,M501d,34,T1,32.94509829,0.058210596,NP,light,M501d,M5
M502a_2704,M502a,27,T2,26.34128424,0.397746029,NP,light,M502a,M5
M502a_2805,M502a,28,T2,27.33737852,0.386386071,NP,light,M502a,M5
M502a_2901,M502a,29,T2,28.29159709,0.662790281,NP,light,M502a,M5
M502a_3002,M502a,30,T2,29.37669617,0.418417475,NP,light,M502a,M5
M502a_3104,M502a,31,T2,29.89295471,0.571931067,NP,light,M502a,M5
M502a_3206,M502a,32,T2,31.37027209,0.047053031,NP,light,M502a,M5
M502a_3301,M502a,33,T2,32.4228129,0.429258256,NP,light,M502a,M5
M502a_3403,M502a,34,T2,33.24195602,-0.065071843,NP,light,M502a,M5
M502b_2702,M502b,27,T2,26.36680936,0.493610155,NP,light,M502b,M5
M502b_2803,M502b,28,T2,27.10755483,0.507846081,NP,light,M502b,M5
M502b_2905,M502b,29,T2,28.33359101,0.610355362,NP,light,M502b,M5
M502b_3006,M502b,30,T2,29.53410354,-0.025463959,NP,light,M502b,M5
M502b_3102,M502b,31,T2,30.22556431,0.580880973,NP,light,M502b,M5
M502b_3204,M502b,32,T2,31.23451846,0.498664582,NP,light,M502b,M5
M502b_3305,M502b,33,T2,32.38730323,0.226818888,NP,light,M502b,M5
M502b_3401,M502b,34,T2,33.03428728,-0.029954489,NP,light,M502b,M5
M502c_2701,M502c,27,T2,26.45390876,0.351106228,NP,light,M502c,M5
M502c_2802,M502c,28,T2,26.95631324,0.418081082,NP,light,M502c,M5
M502c_2904,M502c,29,T2,28.58688328,0.51002303,NP,light,M502c,M5
M502c_3005,M502c,30,T2,29.23617672,0.028381789,NP,light,M502c,M5
M502c_3101,M502c,31,T2,30.36687404,0.587121123,NP,light,M502c,M5
M502c_3203,M502c,32,T2,31.26550871,0.5186908,NP,light,M502c,M5
M502c_3304,M502c,33,T2,32.4080494,0.233827418,NP,light,M502c,M5
M502c_3406,M502c,34,T2,33.15373923,-0.086808818,NP,light,M502c,M5
M502d_2702,M502d,27,T2,26.21446392,0.438371543,NP,light,M502d,M5
M502d_2804,M502d,28,T2,27.17158092,0.469365737,NP,light,M502d,M5
M502d_2905,M502d,29,T2,28.41419884,0.519744473,NP,light,M502d,M5
M502d_3001,M502d,30,T2,29.04320002,0.516401294,NP,light,M502d,M5
M502d_3103,M502d,31,T2,30.22069823,0.621342476,NP,light,M502d,M5
M502d_3204,M502d,32,T2,31.18202811,0.522994125,NP,light,M502d,M5
M502d_3306,M502d,33,T2,32.57268405,0.030067891,NP,light,M502d,M5
M502d_3401,M502d,34,T2,33.07559217,-0.002809706,NP,light,M502d,M5
M503a_2701,M503a,27,T3,26.34082557,0.433606941,NP,light,M503a,M5
M503a_2803,M503a,28,T3,27.14071458,0.436030083,NP,light,M503a,M5
M503a_2904,M503a,29,T3,28.6271168,0.520804049,NP,light,M503a,M5
M503a_3006,M503a,30,T3,29.37344768,-0.021313481,NP,light,M503a,M5
M503a_3102,M503a,31,T3,30.26616997,0.565551199,NP,light,M503a,M5
M503a_3203,M503a,32,T3,31.39769327,0.552499856,NP,light,M503a,M5
M503a_3305,M503a,33,T3,32.35723031,0.288511901,NP,light,M503a,M5
M503a_3406,M503a,34,T3,33.10527515,-0.101919289,NP,light,M503a,M5
M503b_2703,M503b,27,T3,26.33363676,0.37368746,NP,light,M503b,M5
M503b_2804,M503b,28,T3,27.1393223,0.409541797,NP,light,M503b,M5
M503b_2906,M503b,29,T3,28.21418748,0.236302659,NP,light,M503b,M5
M503b_3001,M503b,30,T3,29.10915241,0.553732052,NP,light,M503b,M5
M503b_3103,M503b,31,T3,30.51218084,0.504316253,NP,light,M503b,M5
M503b_3205,M503b,32,T3,31.42705577,0.367637824,NP,light,M503b,M5
M503b_3306,M503b,33,T3,32.53770401,0.063920007,NP,light,M503b,M5
M503b_3402,M503b,34,T3,32.9521349,-0.042293565,NP,light,M503b,M5
M503c_2705,M503c,27,T3,26.44347531,0.366383002,NP,light,M503c,M5
M503c_2806,M503c,28,T3,27.25127118,0.352885463,NP,light,M503c,M5
M503c_2902,M503c,29,T3,28.46582548,0.592344049,NP,light,M503c,M5
M503c_3003,M503c,30,T3,29.33620568,0.331333572,NP,light,M503c,M5
M503c_3105,M503c,31,T3,29.87725553,0.369914339,NP,light,M503c,M5
M503c_3201,M503c,32,T3,31.28943567,0.648448583,NP,light,M503c,M5
M503c_3302,M503c,33,T3,32.48691024,0.433282699,NP,light,M503c,M5
M503c_3404,M503c,34,T3,33.14485683,0.00633777,NP,light,M503c,M5
M503d_2705,M503d,27,T3,26.4955094,0.442347248,NP,light,M503d,M5
M503d_2801,M503d,28,T3,27.18859633,0.434192761,NP,light,M503d,M5
M503d_2902,M503d,29,T3,28.54037168,0.692394962,NP,light,M503d,M5
M503d_3004,M503d,30,T3,29.42594643,0.136741981,NP,light,M503d,M5
M503d_3106,M503d,31,T3,30.06976585,0.201043457,NP,light,M503d,M5
M503d_3201,M503d,32,T3,31.40303943,0.677977658,NP,light,M503d,M5
M503d_3303,M503d,33,T3,32.53488081,0.483561738,NP,light,M503d,M5
M503d_3404,M503d,34,T3,33.25881571,-0.037806895,NP,light,M503d,M5
M50Ca_2705,M50Ca,27,C,26.51785573,0.507261315,NP,light,M50Ca,M5
M50Ca_2806,M50Ca,28,C,27.24603197,0.375936373,NP,light,M50Ca,M5
M50Ca_2902,M50Ca,29,C,28.45820459,0.7936087,NP,light,M50Ca,M5
M50Ca_3003,M50Ca,30,C,29.23151756,0.464101841,NP,light,M50Ca,M5
M50Ca_3105,M50Ca,31,C,30.0699239,0.539487264,NP,light,M50Ca,M5
M50Ca_3201,M50Ca,32,C,31.34643096,0.701562883,NP,light,M50Ca,M5
M50Ca_3302,M50Ca,33,C,32.43015666,0.50218594,NP,light,M50Ca,M5
M50Ca_3404,M50Ca,34,C,33.18135662,-0.097455834,NP,light,M50Ca,M5
M50Cb_2702,M50Cb,27,C,26.41612588,0.431796645,NP,light,M50Cb,M5
M50Cb_2804,M50Cb,28,C,27.24797158,0.526263364,NP,light,M50Cb,M5
M50Cb_2905,M50Cb,29,C,28.38731382,0.601325205,NP,light,M50Cb,M5
M50Cb_3001,M50Cb,30,C,29.01960246,0.609210658,NP,light,M50Cb,M5
M50Cb_3103,M50Cb,31,C,30.68093916,0.67701952,NP,light,M50Cb,M5
M50Cb_3204,M50Cb,32,C,31.19506624,0.612200139,NP,light,M50Cb,M5
M50Cb_3306,M50Cb,33,C,32.28596855,-0.013956518,NP,light,M50Cb,M5
M50Cb_3401,M50Cb,34,C,33.16716834,0.011106169,NP,light,M50Cb,M5
M50Cc_2701,M50Cc,27,C,26.41487449,0.427326728,NP,light,M50Cc,M5
M50Cc_2802,M50Cc,28,C,27.13856787,0.548960592,NP,light,M50Cc,M5
M50Cc_2904,M50Cc,29,C,28.73473366,0.584079465,NP,light,M50Cc,M5
M50Cc_3005,M50Cc,30,C,29.31360184,0.073051235,NP,light,M50Cc,M5
M50Cc_3101,M50Cc,31,C,30.36474967,0.774499912,NP,light,M50Cc,M5
M50Cc_3203,M50Cc,32,C,31.24165259,0.632548777,NP,light,M50Cc,M5
M50Cc_3304,M50Cc,33,C,32.46674477,0.324024573,NP,light,M50Cc,M5
M50Cc_3406,M50Cc,34,C,33.10197827,-0.135236967,NP,light,M50Cc,M5
M50Cd_2701,M50Cd,27,C,26.50462592,1.863015459,NP,light,M50Cd,M5
M50Cd_2803,M50Cd,28,C,27.06772631,2.333354827,NP,light,M50Cd,M5
M50Cd_2904,M50Cd,29,C,28.64926439,2.755367819,NP,light,M50Cd,M5
M50Cd_3006,M50Cd,30,C,29.452809,-0.163165618,NP,light,M50Cd,M5
M50Cd_3102,M50Cd,31,C,30.38137227,2.67079689,NP,light,M50Cd,M5
M50Cd_3203,M50Cd,32,C,31.32223235,2.702791383,NP,light,M50Cd,M5
M50Cd_3305,M50Cd,33,C,32.45307145,1.215445033,NP,light,M50Cd,M5
M50Cd_3407,M50Cd,34,C,33.13682895,-0.276558838,NP,light,M50Cd,M5
M601a_2705,M601a,27,T1,26.40911114,0.460270626,NP,light,M601a,M6
M601a_2806,M601a,28,T1,27.29089219,0.397767749,NP,light,M601a,M6
M601a_2902,M601a,29,T1,28.56582023,0.681685245,NP,light,M601a,M6
M601a_3003,M601a,30,T1,29.32468353,0.476281139,NP,light,M601a,M6
M601a_3105,M601a,31,T1,30.09948507,0.648317849,NP,light,M601a,M6
M601a_3201,M601a,32,T1,31.39057931,0.933385621,NP,light,M601a,M6
M601a_3302,M601a,33,T1,32.39024922,0.548722648,NP,light,M601a,M6
M601a_3404,M601a,34,T1,33.23344727,0.150926778,NP,light,M601a,M6
M601b_2701,M601b,27,T1,26.44632332,0.663930939,NP,light,M601b,M6
M601b_2802,M601b,28,T1,27.23649537,0.751172284,NP,light,M601b,M6
M601b_2904,M601b,29,T1,28.66475495,0.84386732,NP,light,M601b,M6
M601b_3005,M601b,30,T1,29.30248639,0.191654648,NP,light,M601b,M6
M601b_3101,M601b,31,T1,30.27211728,0.965872211,NP,light,M601b,M6
M601b_3203,M601b,32,T1,31.3384851,0.863433541,NP,light,M601b,M6
M601b_3304,M601b,33,T1,32.33406579,0.443292774,NP,light,M601b,M6
M601b_3406,M601b,34,T1,32.94159232,-0.115837454,NP,light,M601b,M6
M601c_2704,M601c,27,T1,26.37012921,0.544063104,NP,light,M601c,M6
M601c_2806,M601c,28,T1,27.32618607,0.440438456,NP,light,M601c,M6
M601c_2901,M601c,29,T1,28.23460825,0.96023634,NP,light,M601c,M6
M601c_3003,M601c,30,T1,29.35773685,0.518347571,NP,light,M601c,M6
M601c_3105,M601c,31,T1,29.9536235,0.680128127,NP,light,M601c,M6
M601c_3206,M601c,32,T1,31.15365516,0.130609466,NP,light,M601c,M6
M601c_3302,M601c,33,T1,32.61186898,0.419443791,NP,light,M601c,M6
M601c_3403,M601c,34,T1,33.12428359,0.086752982,NP,light,M601c,M6
M601d_2705,M601d,27,T1,26.40437636,0.488190034,NP,light,M601d,M6
M601d_2801,M601d,28,T1,27.18762583,0.525021387,NP,light,M601d,M6
M601d_2902,M601d,29,T1,28.41615608,0.755850897,NP,light,M601d,M6
M601d_3004,M601d,30,T1,29.37701222,0.232654073,NP,light,M601d,M6
M601d_3106,M601d,31,T1,29.98782707,0.431459376,NP,light,M601d,M6
M601d_3201,M601d,32,T1,31.33169213,0.737366309,NP,light,M601d,M6
M601d_3303,M601d,33,T1,32.49237472,0.467501159,NP,light,M601d,M6
M601d_3404,M601d,34,T1,33.14150519,0.022030405,NP,light,M601d,M6
M602a_2701,M602a,27,T2,26.43866805,0.4099111,NP,light,M602a,M6
M602a_2803,M602a,28,T2,27.07756725,0.524480107,NP,light,M602a,M6
M602a_2904,M602a,29,T2,28.68143306,0.531648215,NP,light,M602a,M6
M602a_3006,M602a,30,T2,29.57192266,0.043718913,NP,light,M602a,M6
M602a_3102,M602a,31,T2,30.24488705,0.661247815,NP,light,M602a,M6
M602a_3203,M602a,32,T2,31.30394894,0.550126205,NP,light,M602a,M6
M602a_3305,M602a,33,T2,32.2924029,0.21940574,NP,light,M602a,M6
M602a_3406,M602a,34,T2,33.19552568,-0.111797858,NP,light,M602a,M6
M602b_2706,M602b,27,T2,26.37300328,0.320793372,NP,light,M602b,M6
M602b_2802,M602b,28,T2,27.16379897,0.444140244,NP,light,M602b,M6
M602b_2903,M602b,29,T2,28.40655733,0.569412779,NP,light,M602b,M6
M602b_3005,M602b,30,T2,29.19965464,0.15570674,NP,light,M602b,M6
M602b_3101,M602b,31,T2,30.42266533,0.698312837,NP,light,M602b,M6
M602b_3202,M602b,32,T2,31.30294727,0.60844622,NP,light,M602b,M6
M602b_3304,M602b,33,T2,32.34450075,0.268622065,NP,light,M602b,M6
M602b_3405,M602b,34,T2,33.05790688,-0.072364035,NP,light,M602b,M6
M602c_2705,M602c,27,T2,26.37971919,0.524468917,NP,light,M602c,M6
M602c_2801,M602c,28,T2,27.2263183,0.527592025,NP,light,M602c,M6
M602c_2902,M602c,29,T2,28.49684891,0.567319751,NP,light,M602c,M6
M602c_3004,M602c,30,T2,29.3376388,0.158441065,NP,light,M602c,M6
M602c_3106,M602c,31,T2,30.07178241,0.259948792,NP,light,M602c,M6
M602c_3201,M602c,32,T2,31.17822921,0.669730716,NP,light,M602c,M6
M602c_3303,M602c,33,T2,32.32113075,0.225675095,NP,light,M602c,M6
M602c_3404,M602c,34,T2,33.07969292,-0.207233688,NP,light,M602c,M6
M602d_2703,M602d,27,T2,26.43874085,0.468997047,NP,light,M602d,M6
M602d_2805,M602d,28,T2,27.35874233,0.45039183,NP,light,M602d,M6
M602d_2906,M602d,29,T2,28.20061084,0.342280445,NP,light,M602d,M6
M602d_3002,M602d,30,T2,29.38550441,0.575597198,NP,light,M602d,M6
M602d_3104,M602d,31,T2,29.9710565,0.681706234,NP,light,M602d,M6
M602d_3205,M602d,32,T2,31.39725609,0.396382874,NP,light,M602d,M6
M602d_3301,M602d,33,T2,32.35668305,0.362019086,NP,light,M602d,M6
M602d_3402,M602d,34,T2,33.0867253,-0.13749772,NP,light,M602d,M6
M603a_2704,M603a,27,T3,26.50516698,0.529891265,NP,light,M603a,M6
M603a_2806,M603a,28,T3,27.21121343,0.421861051,NP,light,M603a,M6
M603a_2901,M603a,29,T3,28.32433384,0.732565871,NP,light,M603a,M6
M603a_3003,M603a,30,T3,29.2507284,0.495055932,NP,light,M603a,M6
M603a_3105,M603a,31,T3,30.06730616,0.580049599,NP,light,M603a,M6
M603a_3206,M603a,32,T3,31.28828068,0.183834891,NP,light,M603a,M6
M603a_3302,M603a,33,T3,32.52109016,0.391157229,NP,light,M603a,M6
M603a_3403,M603a,34,T3,33.21544359,-0.013687418,NP,light,M603a,M6
M603b_2706,M603b,27,T3,26.37612772,0.346260188,NP,light,M603b,M6
M603b_2801,M603b,28,T3,27.06528221,0.399228655,NP,light,M603b,M6
M603b_2903,M603b,29,T3,28.45515226,0.525040005,NP,light,M603b,M6
M603b_3004,M603b,30,T3,29.28526478,0.134739179,NP,light,M603b,M6
M603b_3106,M603b,31,T3,29.94601464,0.269718375,NP,light,M603b,M6
M603b_3202,M603b,32,T3,31.32580887,0.68298272,NP,light,M603b,M6
M603b_3303,M603b,33,T3,32.51138627,0.39838894,NP,light,M603b,M6
M603b_3405,M603b,34,T3,33.07398551,-0.023920108,NP,light,M603b,M6
M603c_2706,M603c,27,T3,26.30522994,0.355377965,NP,light,M603c,M6
M603c_2802,M603c,28,T3,27.13817963,0.47875776,NP,light,M603c,M6
M603c_2903,M603c,29,T3,28.41650127,0.574902865,NP,light,M603c,M6
M603c_3005,M603c,30,T3,29.15952226,0.09999568,NP,light,M603c,M6
M603c_3101,M603c,31,T3,30.39490647,0.628152204,NP,light,M603c,M6
M603c_3202,M603c,32,T3,31.37259641,0.672236238,NP,light,M603c,M6
M603c_3304,M603c,33,T3,32.4310354,0.339829025,NP,light,M603c,M6
M603c_3405,M603c,34,T3,33.12131622,-0.119678574,NP,light,M603c,M6
M603d_2702,M603d,27,T3,26.24405966,0.509121838,NP,light,M603d,M6
M603d_2804,M603d,28,T3,27.18215571,0.584014477,NP,light,M603d,M6
M603d_2905,M603d,29,T3,28.26763611,0.609857928,NP,light,M603d,M6
M603d_3001,M603d,30,T3,28.86613166,0.732579815,NP,light,M603d,M6
M603d_3103,M603d,31,T3,30.49427192,0.802720684,NP,light,M603d,M6
M603d_3204,M603d,32,T3,31.21435903,0.684860872,NP,light,M603d,M6
M603d_3306,M603d,33,T3,32.52846709,0.186939306,NP,light,M603d,M6
M603d_3401,M603d,34,T3,32.95190283,-0.043242649,NP,light,M603d,M6
M60Ca_2706,M60Ca,27,C,26.29118037,0.352355268,NP,light,M60Ca,M6
M60Ca_2802,M60Ca,28,C,27.13421339,0.53350169,NP,light,M60Ca,M6
M60Ca_2903,M60Ca,29,C,28.44959961,0.601766607,NP,light,M60Ca,M6
M60Ca_3005,M60Ca,30,C,29.18514998,0.122368107,NP,light,M60Ca,M6
M60Ca_3101,M60Ca,31,C,30.3514694,0.759320086,NP,light,M60Ca,M6
M60Ca_3202,M60Ca,32,C,31.38580314,0.684099618,NP,light,M60Ca,M6
M60Ca_3304,M60Ca,33,C,32.42748933,0.220361593,NP,light,M60Ca,M6
M60Ca_3405,M60Ca,34,C,33.10696028,-0.121755419,NP,light,M60Ca,M6
M60Cb_2704,M60Cb,27,C,26.28498025,0.494462715,NP,light,M60Cb,M6
M60Cb_2805,M60Cb,28,C,27.37145484,0.433817137,NP,light,M60Cb,M6
M60Cb_2901,M60Cb,29,C,28.30766567,0.629119788,NP,light,M60Cb,M6
M60Cb_3002,M60Cb,30,C,29.40099195,0.528071937,NP,light,M60Cb,M6
M60Cb_3104,M60Cb,31,C,30.02411286,0.613756496,NP,light,M60Cb,M6
M60Cb_3206,M60Cb,32,C,31.35804599,0.130665913,NP,light,M60Cb,M6
M60Cb_3301,M60Cb,33,C,32.35930273,0.327425606,NP,light,M60Cb,M6
M60Cb_3403,M60Cb,34,C,33.17980026,0.01870648,NP,light,M60Cb,M6
M60Cc_2706,M60Cc,27,C,26.39596864,0.379942137,NP,light,M60Cc,M6
M60Cc_2801,M60Cc,28,C,27.16112401,0.457770061,NP,light,M60Cc,M6
M60Cc_2903,M60Cc,29,C,28.80629054,0.640090495,NP,light,M60Cc,M6
M60Cc_3004,M60Cc,30,C,29.33993631,0.189320791,NP,light,M60Cc,M6
M60Cc_3106,M60Cc,31,C,29.88401847,0.271801105,NP,light,M60Cc,M6
M60Cc_3202,M60Cc,32,C,31.47486591,0.669022717,NP,light,M60Cc,M6
M60Cc_3303,M60Cc,33,C,32.50392171,0.337348472,NP,light,M60Cc,M6
M60Cc_3405,M60Cc,34,C,32.98505792,-0.203860065,NP,light,M60Cc,M6
M60Cd_2705,M60Cd,27,C,26.46612711,0.456488981,NP,light,M60Cd,M6
M60Cd_2801,M60Cd,28,C,27.2167535,0.50509605,NP,light,M60Cd,M6
M60Cd_2902,M60Cd,29,C,28.47398725,0.669910583,NP,light,M60Cd,M6
M60Cd_3004,M60Cd,30,C,29.27917435,0.218887923,NP,light,M60Cd,M6
M60Cd_3106,M60Cd,31,C,30.01212774,0.303254051,NP,light,M60Cd,M6
M60Cd_3201,M60Cd,32,C,31.20467013,0.718655063,NP,light,M60Cd,M6
M60Cd_3303,M60Cd,33,C,32.44314712,0.382716151,NP,light,M60Cd,M6
M60Cd_3404,M60Cd,34,C,33.26522731,-0.088667748,NP,light,M60Cd,M6
K201a_2706D,K201a,27,T1,26.38771693,-0.424067001,R,dark,K201a_D,K2
K201a_2801D,K201a,28,T1,27.06329229,-0.473975972,R,dark,K201a_D,K2
K201a_2903D,K201a,29,T1,28.33144658,-0.450002316,R,dark,K201a_D,K2
K201a_3004D,K201a,30,T1,29.22072524,-0.523097009,R,dark,K201a_D,K2
K201a_3106D,K201a,31,T1,30.07509068,-0.476526511,R,dark,K201a_D,K2
K201a_3202D,K201a,32,T1,31.43631617,-0.575194017,R,dark,K201a_D,K2
K201a_3303D,K201a,33,T1,32.50011354,-0.547466828,R,dark,K201a_D,K2
K201a_3405D,K201a,34,T1,33.02253422,-0.487635384,R,dark,K201a_D,K2
K201b_2703D,K201b,27,T1,26.37521728,-0.440743931,R,dark,K201b_D,K2
K201b_2805D,K201b,28,T1,27.30349065,-0.443637932,R,dark,K201b_D,K2
K201b_2906D,K201b,29,T1,28.19808372,-0.394691561,R,dark,K201b_D,K2
K201b_3002D,K201b,30,T1,29.3666864,-0.505252,R,dark,K201b_D,K2
K201b_3104D,K201b,31,T1,30.16648293,-0.530401043,R,dark,K201b_D,K2
K201b_3205D,K201b,32,T1,31.27326885,-0.461092488,R,dark,K201b_D,K2
K201b_3301D,K201b,33,T1,32.60504376,-0.510523342,R,dark,K201b_D,K2
K201b_3402D,K201b,34,T1,33.24729097,-0.474471053,R,dark,K201b_D,K2
K201c_2701D,K201c,27,T1,26.38673574,-0.406892379,R,dark,K201c_D,K2
K201c_2803D,K201c,28,T1,27.29116523,-0.413620773,R,dark,K201c_D,K2
K201c_2904D,K201c,29,T1,28.41092264,-0.463098913,R,dark,K201c_D,K2
K201c_3006D,K201c,30,T1,29.40703097,-0.462109893,R,dark,K201c_D,K2
K201c_3102D,K201c,31,T1,30.57396066,-0.561775774,R,dark,K201c_D,K2
K201c_3203D,K201c,32,T1,31.43469021,-0.534684648,R,dark,K201c_D,K2
K201c_3305D,K201c,33,T1,32.39481462,-0.478444158,R,dark,K201c_D,K2
K201c_3406D,K201c,34,T1,33.19942911,-0.410245911,R,dark,K201c_D,K2
K201d_2704D,K201d,27,T1,26.39312439,-0.394142849,R,dark,K201d_D,K2
K201d_2805D,K201d,28,T1,27.23136704,-0.482680592,R,dark,K201d_D,K2
K201d_2901D,K201d,29,T1,28.24751748,-0.508805347,R,dark,K201d_D,K2
K201d_3002D,K201d,30,T1,29.51082922,-0.34841087,R,dark,K201d_D,K2
K201d_3104D,K201d,31,T1,30.00166576,-0.566082748,R,dark,K201d_D,K2
K201d_3206D,K201d,32,T1,31.35663829,-0.498594861,R,dark,K201d_D,K2
K201d_3301D,K201d,33,T1,32.5793994,-0.559392766,R,dark,K201d_D,K2
K201d_3403D,K201d,34,T1,33.27883445,-0.405800471,R,dark,K201d_D,K2
K202a_2706D,K202a,27,T2,26.40927103,-0.443181796,R,dark,K202a_D,K2
K202a_2801D,K202a,28,T2,27.10283506,-0.503080576,R,dark,K202a_D,K2
K202a_2903D,K202a,29,T2,28.26212373,-0.472985481,R,dark,K202a_D,K2
K202a_3004D,K202a,30,T2,29.33921897,-0.494450185,R,dark,K202a_D,K2
K202a_3106D,K202a,31,T2,30.05710234,-0.598064601,R,dark,K202a_D,K2
K202a_3202D,K202a,32,T2,31.44218875,-0.548938119,R,dark,K202a_D,K2
K202a_3303D,K202a,33,T2,32.33332576,-0.610175146,R,dark,K202a_D,K2
K202a_3405D,K202a,34,T2,33.05184042,-0.433758283,R,dark,K202a_D,K2
K202b_2704D,K202b,27,T2,26.39424118,-0.364047422,R,dark,K202b_D,K2
K202b_2806D,K202b,28,T2,27.19345356,-0.384398009,R,dark,K202b_D,K2
K202b_2901D,K202b,29,T2,28.27346534,-0.40509443,R,dark,K202b_D,K2
K202b_3003D,K202b,30,T2,29.33941171,-0.469395814,R,dark,K202b_D,K2
K202b_3105D,K202b,31,T2,30.10870503,-0.403624115,R,dark,K202b_D,K2
K202b_3206D,K202b,32,T2,31.31001678,-0.435413866,R,dark,K202b_D,K2
K202b_3302D,K202b,33,T2,32.48319025,-0.467941947,R,dark,K202b_D,K2
K202b_3403D,K202b,34,T2,33.17517524,-0.300086504,R,dark,K202b_D,K2
K202c_2703D,K202c,27,T2,26.38669034,-0.423085583,R,dark,K202c_D,K2
K202c_2804D,K202c,28,T2,27.07817848,-0.403493512,R,dark,K202c_D,K2
K202c_2906D,K202c,29,T2,28.23231821,-0.435619121,R,dark,K202c_D,K2
K202c_3001D,K202c,30,T2,29.08701542,-0.440319824,R,dark,K202c_D,K2
K202c_3103D,K202c,31,T2,30.4221792,-0.588932169,R,dark,K202c_D,K2
K202c_3205D,K202c,32,T2,31.35065933,-0.378270484,R,dark,K202c_D,K2
K202c_3306D,K202c,33,T2,32.49753567,-0.441669152,R,dark,K202c_D,K2
K202c_3402D,K202c,34,T2,33.20950806,-0.390334727,R,dark,K202c_D,K2
K202d_2705D,K202d,27,T2,26.29623047,-0.405260448,R,dark,K202d_D,K2
K202d_2806D,K202d,28,T2,27.30777521,-0.439298707,R,dark,K202d_D,K2
K202d_2902D,K202d,29,T2,28.55013967,-0.469484299,R,dark,K202d_D,K2
K202d_3003D,K202d,30,T2,29.29940028,-0.551484029,R,dark,K202d_D,K2
K202d_3105D,K202d,31,T2,30.00753486,-0.544795129,R,dark,K202d_D,K2
K202d_3201D,K202d,32,T2,31.45008096,-0.585281652,R,dark,K202d_D,K2
K202d_3302D,K202d,33,T2,32.43536845,-0.529720277,R,dark,K202d_D,K2
K202d_3404D,K202d,34,T2,33.12496753,-0.474521486,R,dark,K202d_D,K2
K203a_2702D,K203a,27,T3,26.40073869,-0.387159168,R,dark,K203a_D,K2
K203a_2803D,K203a,28,T3,27.17851091,-0.415694306,R,dark,K203a_D,K2
K203a_2905D,K203a,29,T3,28.29820022,-0.448665963,R,dark,K203a_D,K2
K203a_3006D,K203a,30,T3,29.30212568,-0.531159514,R,dark,K203a_D,K2
K203a_3102D,K203a,31,T3,30.51743025,-0.596923415,R,dark,K203a_D,K2
K203a_3204D,K203a,32,T3,31.44249369,-0.551773739,R,dark,K203a_D,K2
K203a_3305D,K203a,33,T3,32.46210312,-0.45462427,R,dark,K203a_D,K2
K203a_3401D,K203a,34,T3,33.13384106,-0.454638324,R,dark,K203a_D,K2
K203b_2701D,K203b,27,T3,26.30138098,-0.451576326,R,dark,K203b_D,K2
K203b_2802D,K203b,28,T3,27.02715111,-0.53463555,R,dark,K203b_D,K2
K203b_2904D,K203b,29,T3,28.42529059,-0.496755169,R,dark,K203b_D,K2
K203b_3005D,K203b,30,T3,29.27751589,-0.485659378,R,dark,K203b_D,K2
K203b_3101D,K203b,31,T3,30.49076319,-0.617722653,R,dark,K203b_D,K2
K203b_3203D,K203b,32,T3,31.32148815,-0.628694881,R,dark,K203b_D,K2
K203b_3304D,K203b,33,T3,32.40673591,-0.516299099,R,dark,K203b_D,K2
K203b_3406D,K203b,34,T3,33.08540133,-0.416698997,R,dark,K203b_D,K2
K203c_2703D,K203c,27,T3,26.29913018,-0.367369444,R,dark,K203c_D,K2
K203c_2805D,K203c,28,T3,27.23155203,-0.404040165,R,dark,K203c_D,K2
K203c_2906D,K203c,29,T3,28.27242127,-0.383485555,R,dark,K203c_D,K2
K203c_3002D,K203c,30,T3,29.43878371,-0.443127223,R,dark,K203c_D,K2
K203c_3104D,K203c,31,T3,30.08389357,-0.512757403,R,dark,K203c_D,K2
K203c_3205D,K203c,32,T3,31.2909715,-0.462723107,R,dark,K203c_D,K2
K203c_3301D,K203c,33,T3,32.54648607,-0.436319711,R,dark,K203c_D,K2
K203c_3402D,K203c,34,T3,33.20108907,-0.354136983,R,dark,K203c_D,K2
K203d_2704D,K203d,27,T3,26.43550211,-0.325051074,R,dark,K203d_D,K2
K203d_2805D,K203d,28,T3,27.26851339,-0.400487029,R,dark,K203d_D,K2
K203d_2901D,K203d,29,T3,28.23725015,-0.410143056,R,dark,K203d_D,K2
K203d_3002D,K203d,30,T3,29.39019092,-0.445452109,R,dark,K203d_D,K2
K203d_3104D,K203d,31,T3,30.15722801,-0.501905922,R,dark,K203d_D,K2
K203d_3206D,K203d,32,T3,31.37224218,-0.42276882,R,dark,K203d_D,K2
K203d_3301D,K203d,33,T3,32.4851981,-0.510342596,R,dark,K203d_D,K2
K203d_3403D,K203d,34,T3,33.12367408,-0.342811607,R,dark,K203d_D,K2
K20Ca_2704D,K20Ca,27,C,26.32516125,-0.461620614,R,dark,K20Ca_D,K2
K20Ca_2806D,K20Ca,28,C,27.21054076,-0.409534086,R,dark,K20Ca_D,K2
K20Ca_2901D,K20Ca,29,C,28.28416032,-0.560205271,R,dark,K20Ca_D,K2
K20Ca_3003D,K20Ca,30,C,29.2682474,-0.543081201,R,dark,K20Ca_D,K2
K20Ca_3105D,K20Ca,31,C,30.08649883,-0.613893551,R,dark,K20Ca_D,K2
K20Ca_3206D,K20Ca,32,C,31.31544283,-0.525578608,R,dark,K20Ca_D,K2
K20Ca_3302D,K20Ca,33,C,32.50456209,-0.543998097,R,dark,K20Ca_D,K2
K20Ca_3403D,K20Ca,34,C,33.13716372,-0.437295512,R,dark,K20Ca_D,K2
K20Cb_2703D,K20Cb,27,C,26.23138228,-0.37723661,R,dark,K20Cb_D,K2
K20Cb_2804D,K20Cb,28,C,27.10128837,-0.338682718,R,dark,K20Cb_D,K2
K20Cb_2906D,K20Cb,29,C,28.30416004,-0.3597349,R,dark,K20Cb_D,K2
K20Cb_3001D,K20Cb,30,C,29.14597532,-0.281619789,R,dark,K20Cb_D,K2
K20Cb_3103D,K20Cb,31,C,30.16290048,-0.397465612,R,dark,K20Cb_D,K2
K20Cb_3205D,K20Cb,32,C,31.35298765,-0.392030535,R,dark,K20Cb_D,K2
K20Cb_3306D,K20Cb,33,C,32.46024263,-0.346683799,R,dark,K20Cb_D,K2
K20Cb_3402D,K20Cb,34,C,33.07734669,-0.372996834,R,dark,K20Cb_D,K2
K20Cc_2702D,K20Cc,27,C,26.42727778,-0.451064475,R,dark,K20Cc_D,K2
K20Cc_2803D,K20Cc,28,C,27.17358175,-0.486902896,R,dark,K20Cc_D,K2
K20Cc_2905D,K20Cc,29,C,28.30398857,-0.47833235,R,dark,K20Cc_D,K2
K20Cc_3006D,K20Cc,30,C,29.38803411,-0.495637947,R,dark,K20Cc_D,K2
K20Cc_3102D,K20Cc,31,C,30.54864254,-0.571805985,R,dark,K20Cc_D,K2
K20Cc_3205D,K20Cc,32,C,31.34375704,-0.496683465,R,dark,K20Cc_D,K2
K20Cc_3305D,K20Cc,33,C,32.46014842,-0.449205613,R,dark,K20Cc_D,K2
K20Cc_3401D,K20Cc,34,C,33.08622958,-0.494848359,R,dark,K20Cc_D,K2
K20Cd_2703D,K20Cd,27,C,26.30662653,-0.410567711,R,dark,K20Cd_D,K2
K20Cd_2805D,K20Cd,28,C,27.25261761,-0.461629496,R,dark,K20Cd_D,K2
K20Cd_2906D,K20Cd,29,C,28.15985687,-0.467711726,R,dark,K20Cd_D,K2
K20Cd_3002D,K20Cd,30,C,29.34252992,-0.444612632,R,dark,K20Cd_D,K2
K20Cd_3104D,K20Cd,31,C,30.10037359,-0.548492235,R,dark,K20Cd_D,K2
K20Cd_3205D,K20Cd,32,C,31.40012217,-0.47327414,R,dark,K20Cd_D,K2
K20Cd_3301D,K20Cd,33,C,32.58161048,-0.569174158,R,dark,K20Cd_D,K2
K20Cd_3402D,K20Cd,34,C,33.14042871,-0.392268138,R,dark,K20Cd_D,K2
M501a_2706D,M501a,27,T1,26.31898404,-0.416538372,R,dark,M501a_D,M5
M501a_2802D,M501a,28,T1,27.1839286,-0.49185167,R,dark,M501a_D,M5
M501a_2903D,M501a,29,T1,28.26947998,-0.432612298,R,dark,M501a_D,M5
M501a_3005D,M501a,30,T1,29.27965102,-0.480770888,R,dark,M501a_D,M5
M501a_3101D,M501a,31,T1,30.48150924,-0.541499725,R,dark,M501a_D,M5
M501a_3202D,M501a,32,T1,31.35959082,-0.551774142,R,dark,M501a_D,M5
M501a_3304D,M501a,33,T1,32.37740377,-0.494924439,R,dark,M501a_D,M5
M501a_3405D,M501a,34,T1,33.21076298,-0.373920585,R,dark,M501a_D,M5
M501b_2702D,M501b,27,T1,26.31778824,-0.406249631,R,dark,M501b_D,M5
M501b_2803D,M501b,28,T1,27.16502415,-0.427141075,R,dark,M501b_D,M5
M501b_2905D,M501b,29,T1,28.34677014,-0.42043036,R,dark,M501b_D,M5
M501b_3006D,M501b,30,T1,29.34234713,-0.517355886,R,dark,M501b_D,M5
M501b_3102D,M501b,31,T1,30.50201414,-0.583547345,R,dark,M501b_D,M5
M501b_3204D,M501b,32,T1,31.31607621,-0.619248014,R,dark,M501b_D,M5
M501b_3305D,M501b,33,T1,32.4841966,-0.445387491,R,dark,M501b_D,M5
M501b_3401D,M501b,34,T1,33.02979376,-0.44493395,R,dark,M501b_D,M5
M501c_2702D,M501c,27,T1,26.45966203,-0.439064993,R,dark,M501c_D,M5
M501c_2804D,M501c,28,T1,27.111971,-0.537745101,R,dark,M501c_D,M5
M501c_2905D,M501c,29,T1,28.26673678,-0.55567181,R,dark,M501c_D,M5
M501c_3001D,M501c,30,T1,29.1444896,-0.530463696,R,dark,M501c_D,M5
M501c_3103D,M501c,31,T1,30.36062316,-0.510553041,R,dark,M501c_D,M5
M501c_3204D,M501c,32,T1,31.34382791,-0.509454073,R,dark,M501c_D,M5
M501c_3306D,M501c,33,T1,32.34473825,-0.45737538,R,dark,M501c_D,M5
M501c_3401D,M501c,34,T1,33.04850263,-0.458826007,R,dark,M501c_D,M5
M501d_2703D,M501d,27,T1,26.42560025,-0.396312345,R,dark,M501d_D,M5
M501d_2804D,M501d,28,T1,27.05237992,-0.494497039,R,dark,M501d_D,M5
M501d_2906D,M501d,29,T1,28.13422663,-0.471799198,R,dark,M501d_D,M5
M501d_3001D,M501d,30,T1,29.15572879,-0.583693234,R,dark,M501d_D,M5
M501d_3103D,M501d,31,T1,30.40196802,-0.617909382,R,dark,M501d_D,M5
M501d_3205D,M501d,32,T1,31.26193238,-0.565269361,R,dark,M501d_D,M5
M501d_3306D,M501d,33,T1,32.51600332,-0.426394665,R,dark,M501d_D,M5
M501d_3402D,M501d,34,T1,33.07224328,-0.495988178,R,dark,M501d_D,M5
M502a_2704D,M502a,27,T2,26.32143638,-0.445027074,R,dark,M502a_D,M5
M502a_2805D,M502a,28,T2,27.31203488,-0.488282444,R,dark,M502a_D,M5
M502a_2901D,M502a,29,T2,28.17784852,-0.574959468,R,dark,M502a_D,M5
M502a_3002D,M502a,30,T2,29.35225502,-0.583631468,R,dark,M502a_D,M5
M502a_3104D,M502a,31,T2,29.96825782,-0.687781548,R,dark,M502a_D,M5
M502a_3206D,M502a,32,T2,31.40948206,-0.480554639,R,dark,M502a_D,M5
M502a_3301D,M502a,33,T2,32.48615346,-0.46438861,R,dark,M502a_D,M5
M502a_3403D,M502a,34,T2,33.22630355,-0.348019265,R,dark,M502a_D,M5
M502b_2702D,M502b,27,T2,26.34602912,-0.395027087,R,dark,M502b_D,M5
M502b_2803D,M502b,28,T2,27.10626177,-0.460522907,R,dark,M502b_D,M5
M502b_2905D,M502b,29,T2,28.25021428,-0.441864117,R,dark,M502b_D,M5
M502b_3006D,M502b,30,T2,29.42538616,-0.47430636,R,dark,M502b_D,M5
M502b_3102D,M502b,31,T2,30.36194401,-0.620016021,R,dark,M502b_D,M5
M502b_3204D,M502b,32,T2,31.33796275,-0.481327061,R,dark,M502b_D,M5
M502b_3305D,M502b,33,T2,32.38971474,-0.43105117,R,dark,M502b_D,M5
M502b_3401D,M502b,34,T2,33.07560198,-0.375091665,R,dark,M502b_D,M5
M502c_2701D,M502c,27,T2,26.43019417,-0.388305188,R,dark,M502c_D,M5
M502c_2802D,M502c,28,T2,27.05856742,-0.387825103,R,dark,M502c_D,M5
M502c_2904D,M502c,29,T2,28.41757498,-0.396509161,R,dark,M502c_D,M5
M502c_3005D,M502c,30,T2,29.24082007,-0.454894449,R,dark,M502c_D,M5
M502c_3101D,M502c,31,T2,30.38725367,-0.463363363,R,dark,M502c_D,M5
M502c_3203D,M502c,32,T2,31.29787273,-0.481631838,R,dark,M502c_D,M5
M502c_3304D,M502c,33,T2,32.39493584,-0.343805965,R,dark,M502c_D,M5
M502c_3406D,M502c,34,T2,33.21183508,-0.292674382,R,dark,M502c_D,M5
M502d_2702D,M502d,27,T2,26.25258582,-0.420209363,R,dark,M502d_D,M5
M502d_2804D,M502d,28,T2,27.12646585,-0.430202712,R,dark,M502d_D,M5
M502d_2905D,M502d,29,T2,28.31752618,-0.386486384,R,dark,M502d_D,M5
M502d_3001D,M502d,30,T2,29.0680301,-0.550642728,R,dark,M502d_D,M5
M502d_3103D,M502d,31,T2,30.21032559,-0.589940238,R,dark,M502d_D,M5
M502d_3204D,M502d,32,T2,31.2779381,-0.50397836,R,dark,M502d_D,M5
M502d_3306D,M502d,33,T2,32.46687064,-0.410324017,R,dark,M502d_D,M5
M502d_3401D,M502d,34,T2,33.09052584,-0.324848136,R,dark,M502d_D,M5
M503a_2701D,M503a,27,T3,26.35515175,-0.408480537,R,dark,M503a_D,M5
M503a_2803D,M503a,28,T3,27.14132484,-0.476002193,R,dark,M503a_D,M5
M503a_2904D,M503a,29,T3,28.43908289,-0.451901488,R,dark,M503a_D,M5
M503a_3006D,M503a,30,T3,29.28150816,-0.332009417,R,dark,M503a_D,M5
M503a_3102D,M503a,31,T3,30.37502061,-0.608268199,R,dark,M503a_D,M5
M503a_3203D,M503a,32,T3,31.38423432,-0.502779242,R,dark,M503a_D,M5
M503a_3305D,M503a,33,T3,32.41738415,-0.39380318,R,dark,M503a_D,M5
M503a_3406D,M503a,34,T3,33.18295138,-0.297237673,R,dark,M503a_D,M5
M503b_2703D,M503b,27,T3,26.30472214,-0.440466264,R,dark,M503b_D,M5
M503b_2804D,M503b,28,T3,27.10399885,-0.480640078,R,dark,M503b_D,M5
M503b_2906D,M503b,29,T3,28.22087384,-0.472449506,R,dark,M503b_D,M5
M503b_3001D,M503b,30,T3,29.0744828,-0.448237986,R,dark,M503b_D,M5
M503b_3103D,M503b,31,T3,30.34206912,-0.599704345,R,dark,M503b_D,M5
M503b_3205D,M503b,32,T3,31.41202528,-0.364337437,R,dark,M503b_D,M5
M503b_3306D,M503b,33,T3,32.4242573,-0.406828918,R,dark,M503b_D,M5
M503b_3402D,M503b,34,T3,33.06607978,-0.36929813,R,dark,M503b_D,M5
M503c_2705D,M503c,27,T3,26.36466971,-0.340421143,R,dark,M503c_D,M5
M503c_2806D,M503c,28,T3,27.18525029,-0.405999247,R,dark,M503c_D,M5
M503c_2902D,M503c,29,T3,28.45328981,-0.443718577,R,dark,M503c_D,M5
M503c_3003D,M503c,30,T3,29.37203324,-0.474230632,R,dark,M503c_D,M5
M503c_3105D,M503c,31,T3,30.01973778,-0.543131799,R,dark,M503c_D,M5
M503c_3201D,M503c,32,T3,31.29890924,-0.399929399,R,dark,M503c_D,M5
M503c_3302D,M503c,33,T3,32.43714186,-0.349876695,R,dark,M503c_D,M5
M503c_3404D,M503c,34,T3,33.13203759,-0.316436488,R,dark,M503c_D,M5
M503d_2705D,M503d,27,T3,26.41706955,-0.41329122,R,dark,M503d_D,M5
M503d_2801D,M503d,28,T3,27.14273664,-0.532718465,R,dark,M503d_D,M5
M503d_2902D,M503d,29,T3,28.49963229,-0.484979861,R,dark,M503d_D,M5
M503d_3004D,M503d,30,T3,29.33589253,-0.519539624,R,dark,M503d_D,M5
M503d_3106D,M503d,31,T3,30.06851633,-0.539942879,R,dark,M503d_D,M5
M503d_3201D,M503d,32,T3,31.41189516,-0.497457841,R,dark,M503d_D,M5
M503d_3303D,M503d,33,T3,32.48979293,-0.458199533,R,dark,M503d_D,M5
M503d_3404D,M503d,34,T3,33.26236105,-0.347694033,R,dark,M503d_D,M5
M50Ca_2705D,M50Ca,27,C,26.41775255,-0.498883033,R,dark,M50Ca_D,M5
M50Ca_2806D,M50Ca,28,C,27.16314346,-0.576505411,R,dark,M50Ca_D,M5
M50Ca_2902D,M50Ca,29,C,28.43252291,-0.536621857,R,dark,M50Ca_D,M5
M50Ca_3003D,M50Ca,30,C,29.27184721,-0.701750358,R,dark,M50Ca_D,M5
M50Ca_3105D,M50Ca,31,C,30.17584158,-0.636907195,R,dark,M50Ca_D,M5
M50Ca_3201D,M50Ca,32,C,31.35230772,-0.512933019,R,dark,M50Ca_D,M5
M50Ca_3302D,M50Ca,33,C,32.37973285,-0.442865176,R,dark,M50Ca_D,M5
M50Ca_3404D,M50Ca,34,C,33.17706605,-0.35335956,R,dark,M50Ca_D,M5
M50Cb_2702D,M50Cb,27,C,26.3848314,-0.478604833,R,dark,M50Cb_D,M5
M50Cb_2804D,M50Cb,28,C,27.21311996,-0.50944874,R,dark,M50Cb_D,M5
M50Cb_2905D,M50Cb,29,C,28.31539819,-0.562430231,R,dark,M50Cb_D,M5
M50Cb_3001D,M50Cb,30,C,29.03447068,-0.630812774,R,dark,M50Cb_D,M5
M50Cb_3103D,M50Cb,31,C,30.47683948,-0.628480932,R,dark,M50Cb_D,M5
M50Cb_3204D,M50Cb,32,C,31.28249175,-0.570206915,R,dark,M50Cb_D,M5
M50Cb_3306D,M50Cb,33,C,32.29076151,-0.460942467,R,dark,M50Cb_D,M5
M50Cb_3401D,M50Cb,34,C,33.18267691,-0.39342328,R,dark,M50Cb_D,M5
M50Cc_2701D,M50Cc,27,C,26.40097927,-0.365832164,R,dark,M50Cc_D,M5
M50Cc_2802D,M50Cc,28,C,27.15223998,-0.486257209,R,dark,M50Cc_D,M5
M50Cc_2904D,M50Cc,29,C,28.49171894,-0.537697461,R,dark,M50Cc_D,M5
M50Cc_3005D,M50Cc,30,C,29.32268633,-0.512011128,R,dark,M50Cc_D,M5
M50Cc_3101D,M50Cc,31,C,30.3789721,-0.586566646,R,dark,M50Cc_D,M5
M50Cc_3203D,M50Cc,32,C,31.28009201,-0.535886432,R,dark,M50Cc_D,M5
M50Cc_3304D,M50Cc,33,C,32.43402673,-0.452804156,R,dark,M50Cc_D,M5
M50Cc_3406D,M50Cc,34,C,33.16488881,-0.329939938,R,dark,M50Cc_D,M5
M50Cd_2701D,M50Cd,27,C,26.48682521,-2.322717009,R,dark,M50Cd_D,M5
M50Cd_2803D,M50Cd,28,C,27.14321683,-2.074003675,R,dark,M50Cd_D,M5
M50Cd_2904D,M50Cd,29,C,28.48030385,-2.241822679,R,dark,M50Cd_D,M5
M50Cd_3006D,M50Cd,30,C,29.35940289,-2.250455515,R,dark,M50Cd_D,M5
M50Cd_3102D,M50Cd,31,C,30.4694695,-2.148722981,R,dark,M50Cd_D,M5
M50Cd_3203D,M50Cd,32,C,31.35125839,-2.256516958,R,dark,M50Cd_D,M5
M50Cd_3305D,M50Cd,33,C,32.4599165,-1.862827845,R,dark,M50Cd_D,M5
M50Cd_3407D,M50Cd,34,C,33.19704543,-1.359147794,R,dark,M50Cd_D,M5
M601a_2705D,M601a,27,T1,26.34726055,-0.363419668,R,dark,M601a_D,M6
M601a_2806D,M601a,28,T1,27.19516112,-0.422242705,R,dark,M601a_D,M6
M601a_2902D,M601a,29,T1,28.5463214,-0.406690377,R,dark,M601a_D,M6
M601a_3003D,M601a,30,T1,29.35515958,-0.509812075,R,dark,M601a_D,M6
M601a_3105D,M601a,31,T1,30.15073981,-0.487607523,R,dark,M601a_D,M6
M601a_3201D,M601a,32,T1,31.3687362,-0.477141755,R,dark,M601a_D,M6
M601a_3302D,M601a,33,T1,32.36317841,-0.463218457,R,dark,M601a_D,M6
M601a_3404D,M601a,34,T1,33.22660686,-0.317234974,R,dark,M601a_D,M6
M601b_2701D,M601b,27,T1,26.40836901,-0.457893394,R,dark,M601b_D,M6
M601b_2802D,M601b,28,T1,27.21773088,-0.555501667,R,dark,M601b_D,M6
M601b_2904D,M601b,29,T1,28.43982301,-0.604093314,R,dark,M601b_D,M6
M601b_3005D,M601b,30,T1,29.31943646,-0.504542527,R,dark,M601b_D,M6
M601b_3101D,M601b,31,T1,30.30668222,-0.603252884,R,dark,M601b_D,M6
M601b_3203D,M601b,32,T1,31.38665978,-0.532022166,R,dark,M601b_D,M6
M601b_3304D,M601b,33,T1,32.344849,-0.494776884,R,dark,M601b_D,M6
M601b_3406D,M601b,34,T1,33.04666869,-0.452715344,R,dark,M601b_D,M6
M601c_2704D,M601c,27,T1,26.31588661,-0.377137894,R,dark,M601c_D,M6
M601c_2806D,M601c,28,T1,27.24473616,-0.457697501,R,dark,M601c_D,M6
M601c_2901D,M601c,29,T1,28.1478494,-0.493781856,R,dark,M601c_D,M6
M601c_3003D,M601c,30,T1,29.36418131,-0.559251354,R,dark,M601c_D,M6
M601c_3105D,M601c,31,T1,30.06109257,-0.56351531,R,dark,M601c_D,M6
M601c_3206D,M601c,32,T1,31.24171374,-0.561626015,R,dark,M601c_D,M6
M601c_3302D,M601c,33,T1,32.50237946,-0.408554424,R,dark,M601c_D,M6
M601c_3403D,M601c,34,T1,33.13450155,-0.22305238,R,dark,M601c_D,M6
M601d_2705D,M601d,27,T1,26.32289628,-0.355300849,R,dark,M601d_D,M6
M601d_2801D,M601d,28,T1,27.15955727,-0.40359398,R,dark,M601d_D,M6
M601d_2902D,M601d,29,T1,28.40826379,-0.405437754,R,dark,M601d_D,M6
M601d_3004D,M601d,30,T1,29.32475972,-0.467144247,R,dark,M601d_D,M6
M601d_3106D,M601d,31,T1,30.00548395,-0.465824088,R,dark,M601d_D,M6
M601d_3201D,M601d,32,T1,31.34827889,-0.447238309,R,dark,M601d_D,M6
M601d_3303D,M601d,33,T1,32.44109911,-0.314836574,R,dark,M601d_D,M6
M601d_3404D,M601d,34,T1,33.15047389,-0.251238788,R,dark,M601d_D,M6
M602a_2701D,M602a,27,T2,26.40274527,-0.461592658,R,dark,M602a_D,M6
M602a_2803D,M602a,28,T2,27.1031223,-0.457368372,R,dark,M602a_D,M6
M602a_2904D,M602a,29,T2,28.47952617,-0.441785343,R,dark,M602a_D,M6
M602a_3006D,M602a,30,T2,29.44874705,-0.404741334,R,dark,M602a_D,M6
M602a_3102D,M602a,31,T2,30.38623526,-0.449963694,R,dark,M602a_D,M6
M602a_3203D,M602a,32,T2,31.33747019,-0.377216673,R,dark,M602a_D,M6
M602a_3305D,M602a,33,T2,32.34421916,-0.349992586,R,dark,M602a_D,M6
M602a_3406D,M602a,34,T2,33.20591175,-0.317196165,R,dark,M602a_D,M6
M602b_2706D,M602b,27,T2,26.33520966,-0.359539869,R,dark,M602b_D,M6
M602b_2802D,M602b,28,T2,27.16133656,-0.383536764,R,dark,M602b_D,M6
M602b_2903D,M602b,29,T2,28.31771384,-0.398695812,R,dark,M602b_D,M6
M602b_3005D,M602b,30,T2,29.22447291,-0.340438331,R,dark,M602b_D,M6
M602b_3101D,M602b,31,T2,30.42343492,-0.475173084,R,dark,M602b_D,M6
M602b_3202D,M602b,32,T2,31.33908728,-0.44446983,R,dark,M602b_D,M6
M602b_3304D,M602b,33,T2,32.34123554,-0.363062916,R,dark,M602b_D,M6
M602b_3405D,M602b,34,T2,33.08805109,-0.322187586,R,dark,M602b_D,M6
M602c_2705D,M602c,27,T2,26.30974367,-0.399207876,R,dark,M602c_D,M6
M602c_2801D,M602c,28,T2,27.13396391,-0.496870145,R,dark,M602c_D,M6
M602c_2902D,M602c,29,T2,28.48908908,-0.536706055,R,dark,M602c_D,M6
M602c_3004D,M602c,30,T2,29.28435333,-0.496401958,R,dark,M602c_D,M6
M602c_3106D,M602c,31,T2,30.06942283,-0.517309167,R,dark,M602c_D,M6
M602c_3201D,M602c,32,T2,31.24514911,-0.501683457,R,dark,M602c_D,M6
M602c_3303D,M602c,33,T2,32.32953936,-0.382088416,R,dark,M602c_D,M6
M602c_3404D,M602c,34,T2,33.10798975,-0.422913952,R,dark,M602c_D,M6
M602d_2703D,M602d,27,T2,26.40627156,-0.419678159,R,dark,M602d_D,M6
M602d_2805D,M602d,28,T2,27.29318389,-0.374415962,R,dark,M602d_D,M6
M602d_2906D,M602d,29,T2,28.20437926,-0.436978665,R,dark,M602d_D,M6
M602d_3002D,M602d,30,T2,29.35224437,-0.460820005,R,dark,M602d_D,M6
M602d_3104D,M602d,31,T2,30.01988497,-0.468484404,R,dark,M602d_D,M6
M602d_3205D,M602d,32,T2,31.44594436,-0.473329399,R,dark,M602d_D,M6
M602d_3301D,M602d,33,T2,32.45614179,-0.483477006,R,dark,M602d_D,M6
M602d_3402D,M602d,34,T2,33.17301598,-0.352023131,R,dark,M602d_D,M6
M603a_2704D,M603a,27,T3,26.43449615,-0.377079522,R,dark,M603a_D,M6
M603a_2806D,M603a,28,T3,27.14135358,-0.473666866,R,dark,M603a_D,M6
M603a_2901D,M603a,29,T3,28.22397199,-0.397511841,R,dark,M603a_D,M6
M603a_3003D,M603a,30,T3,29.28973913,-0.542728052,R,dark,M603a_D,M6
M603a_3105D,M603a,31,T3,30.17750254,-0.484429643,R,dark,M603a_D,M6
M603a_3206D,M603a,32,T3,31.33895065,-0.393894698,R,dark,M603a_D,M6
M603a_3302D,M603a,33,T3,32.43861551,-0.31170581,R,dark,M603a_D,M6
M603a_3403D,M603a,34,T3,33.22452937,-0.270101828,R,dark,M603a_D,M6
M603b_2706D,M603b,27,T3,26.318431,-0.350405864,R,dark,M603b_D,M6
M603b_2801D,M603b,28,T3,27.03669229,-0.441567322,R,dark,M603b_D,M6
M603b_2903D,M603b,29,T3,28.33695894,-0.390586694,R,dark,M603b_D,M6
M603b_3004D,M603b,30,T3,29.20079472,-0.461929555,R,dark,M603b_D,M6
M603b_3106D,M603b,31,T3,29.99020569,-0.494266026,R,dark,M603b_D,M6
M603b_3202D,M603b,32,T3,31.33919731,-0.43112695,R,dark,M603b_D,M6
M603b_3303D,M603b,33,T3,32.49920842,-0.346515993,R,dark,M603b_D,M6
M603b_3405D,M603b,34,T3,33.11464154,-0.266948143,R,dark,M603b_D,M6
M603c_2706D,M603c,27,T3,26.27154605,-0.402380906,R,dark,M603c_D,M6
M603c_2802D,M603c,28,T3,27.1887396,-0.465909734,R,dark,M603c_D,M6
M603c_2903D,M603c,29,T3,28.32050193,-0.423851494,R,dark,M603c_D,M6
M603c_3005D,M603c,30,T3,29.19871062,-0.453898252,R,dark,M603c_D,M6
M603c_3101D,M603c,31,T3,30.40916792,-0.460171079,R,dark,M603c_D,M6
M603c_3202D,M603c,32,T3,31.38126711,-0.390144397,R,dark,M603c_D,M6
M603c_3304D,M603c,33,T3,32.46358699,-0.352124213,R,dark,M603c_D,M6
M603c_3405D,M603c,34,T3,33.14045965,-0.338044145,R,dark,M603c_D,M6
M603d_2702D,M603d,27,T3,26.277852,-0.479355145,R,dark,M603d_D,M6
M603d_2804D,M603d,28,T3,27.14681383,-0.465540104,R,dark,M603d_D,M6
M603d_2905D,M603d,29,T3,28.22576419,-0.474170378,R,dark,M603d_D,M6
M603d_3001D,M603d,30,T3,28.95810462,-0.565591522,R,dark,M603d_D,M6
M603d_3103D,M603d,31,T3,30.37202762,-0.499948949,R,dark,M603d_D,M6
M603d_3204D,M603d,32,T3,31.29777818,-0.537086182,R,dark,M603d_D,M6
M603d_3306D,M603d,33,T3,32.43572633,-0.357573599,R,dark,M603d_D,M6
M603d_3401D,M603d,34,T3,33.01158099,-0.376419568,R,dark,M603d_D,M6
M60Ca_2706D,M60Ca,27,C,26.27136679,-0.388577669,R,dark,M60Ca_D,M6
M60Ca_2802D,M60Ca,28,C,27.12133908,-0.437369256,R,dark,M60Ca_D,M6
M60Ca_2903D,M60Ca,29,C,28.35137763,-0.3847469,R,dark,M60Ca_D,M6
M60Ca_3005D,M60Ca,30,C,29.20171291,-0.406330831,R,dark,M60Ca_D,M6
M60Ca_3101D,M60Ca,31,C,30.36909236,-0.453141943,R,dark,M60Ca_D,M6
M60Ca_3202D,M60Ca,32,C,31.38277064,-0.455845954,R,dark,M60Ca_D,M6
M60Ca_3304D,M60Ca,33,C,32.39924332,-0.376847373,R,dark,M60Ca_D,M6
M60Ca_3405D,M60Ca,34,C,33.18198772,-0.30504856,R,dark,M60Ca_D,M6
M60Cb_2704D,M60Cb,27,C,26.26309593,-0.387118536,R,dark,M60Cb_D,M6
M60Cb_2805D,M60Cb,28,C,27.34688329,-0.399422772,R,dark,M60Cb_D,M6
M60Cb_2901D,M60Cb,29,C,28.24647955,-0.463030498,R,dark,M60Cb_D,M6
M60Cb_3002D,M60Cb,30,C,29.37323314,-0.378291959,R,dark,M60Cb_D,M6
M60Cb_3104D,M60Cb,31,C,30.04231875,-0.397253247,R,dark,M60Cb_D,M6
M60Cb_3206D,M60Cb,32,C,31.35983375,-0.461161438,R,dark,M60Cb_D,M6
M60Cb_3301D,M60Cb,33,C,32.45287845,-0.461034194,R,dark,M60Cb_D,M6
M60Cb_3403D,M60Cb,34,C,33.18091069,-0.203581681,R,dark,M60Cb_D,M6
M60Cc_2706D,M60Cc,27,C,26.34844522,-0.400662358,R,dark,M60Cc_D,M6
M60Cc_2801D,M60Cc,28,C,27.10480173,-0.414206308,R,dark,M60Cc_D,M6
M60Cc_2903D,M60Cc,29,C,28.55941077,-0.353910612,R,dark,M60Cc_D,M6
M60Cc_3004D,M60Cc,30,C,29.27355542,-0.386913577,R,dark,M60Cc_D,M6
M60Cc_3106D,M60Cc,31,C,29.97430579,-0.490772808,R,dark,M60Cc_D,M6
M60Cc_3202D,M60Cc,32,C,31.46723326,-0.419014117,R,dark,M60Cc_D,M6
M60Cc_3303D,M60Cc,33,C,32.45508405,-0.389425989,R,dark,M60Cc_D,M6
M60Cc_3405D,M60Cc,34,C,33.06132336,-0.336172308,R,dark,M60Cc_D,M6
M60Cd_2705D,M60Cd,27,C,26.37104371,-0.344021342,R,dark,M60Cd_D,M6
M60Cd_2801D,M60Cd,28,C,27.14272051,-0.443247579,R,dark,M60Cd_D,M6
M60Cd_2902D,M60Cd,29,C,28.46268585,-0.416654314,R,dark,M60Cd_D,M6
M60Cd_3004D,M60Cd,30,C,29.22632754,-0.424312131,R,dark,M60Cd_D,M6
M60Cd_3106D,M60Cd,31,C,30.08975493,-0.427678709,R,dark,M60Cd_D,M6
M60Cd_3201D,M60Cd,32,C,31.2462774,-0.523565839,R,dark,M60Cd_D,M6
M60Cd_3303D,M60Cd,33,C,32.39515989,-0.374076921,R,dark,M60Cd_D,M6
M60Cd_3404D,M60Cd,34,C,33.24075575,-0.32699223,R,dark,M60Cd_D,M6
K201a_2706,K201a,27,T1,26.44653272,0.944549357,GP,light,K201a,K2
K201a_2801,K201a,28,T1,27.12077611,1.080211322,GP,light,K201a,K2
K201a_2903,K201a,29,T1,28.4809316,1.249661946,GP,light,K201a,K2
K201a_3004,K201a,30,T1,29.30243299,0.917723233,GP,light,K201a,K2
K201a_3106,K201a,31,T1,30.02551912,0.912495023,GP,light,K201a,K2
K201a_3202,K201a,32,T1,31.44757175,1.398171404,GP,light,K201a,K2
K201a_3303,K201a,33,T1,32.56415912,1.084311166,GP,light,K201a,K2
K201a_3405,K201a,34,T1,32.92701723,0.48103359,GP,light,K201a,K2
K201b_2703,K201b,27,T1,26.41847657,0.921891137,GP,light,K201b,K2
K201b_2805,K201b,28,T1,27.37569924,0.901125638,GP,light,K201b,K2
K201b_2906,K201b,29,T1,28.17806804,0.821747015,GP,light,K201b,K2
K201b_3002,K201b,30,T1,29.38777591,1.10422596,GP,light,K201b,K2
K201b_3104,K201b,31,T1,30.18058176,1.239327476,GP,light,K201b,K2
K201b_3205,K201b,32,T1,31.1978655,1.00739541,GP,light,K201b,K2
K201b_3301,K201b,33,T1,32.5590045,1.202593091,GP,light,K201b,K2
K201b_3402,K201b,34,T1,33.2056714,0.740444309,GP,light,K201b,K2
K201c_2701,K201c,27,T1,26.43534989,0.990289955,GP,light,K201c,K2
K201c_2803,K201c,28,T1,27.30795299,1.053404045,GP,light,K201c,K2
K201c_2904,K201c,29,T1,28.6130899,1.219934754,GP,light,K201c,K2
K201c_3006,K201c,30,T1,29.52390021,0.578296021,GP,light,K201c,K2
K201c_3102,K201c,31,T1,30.55022914,1.374653292,GP,light,K201c,K2
K201c_3203,K201c,32,T1,31.4359618,1.290896787,GP,light,K201c,K2
K201c_3305,K201c,33,T1,32.36407526,0.841044261,GP,light,K201c,K2
K201c_3406,K201c,34,T1,33.21438022,0.353988793,GP,light,K201c,K2
K201d_2704,K201d,27,T1,26.45878894,0.841320414,GP,light,K201d,K2
K201d_2805,K201d,28,T1,27.25797298,0.996991159,GP,light,K201d,K2
K201d_2901,K201d,29,T1,28.37720234,1.322394486,GP,light,K201d,K2
K201d_3002,K201d,30,T1,29.57047449,1.034962991,GP,light,K201d,K2
K201d_3104,K201d,31,T1,29.96914889,1.325326144,GP,light,K201d,K2
K201d_3206,K201d,32,T1,31.3169683,0.836736346,GP,light,K201d,K2
K201d_3301,K201d,33,T1,32.53086145,1.294753811,GP,light,K201d,K2
K201d_3403,K201d,34,T1,33.27699033,0.674844206,GP,light,K201d,K2
K202a_2706,K202a,27,T2,26.46119376,0.921630488,GP,light,K202a,K2
K202a_2801,K202a,28,T2,27.14709405,1.111393511,GP,light,K202a,K2
K202a_2903,K202a,29,T2,28.34466775,1.234973843,GP,light,K202a,K2
K202a_3004,K202a,30,T2,29.42415932,0.821359036,GP,light,K202a,K2
K202a_3106,K202a,31,T2,29.99159624,1.110871355,GP,light,K202a,K2
K202a_3202,K202a,32,T2,31.43756074,1.439797006,GP,light,K202a,K2
K202a_3303,K202a,33,T2,32.32356975,1.230809898,GP,light,K202a,K2
K202a_3405,K202a,34,T2,32.98427253,0.540276944,GP,light,K202a,K2
K202b_2704,K202b,27,T2,26.45492399,0.847309106,GP,light,K202b,K2
K202b_2806,K202b,28,T2,27.2788037,0.825225135,GP,light,K202b,K2
K202b_2901,K202b,29,T2,28.40073564,1.096502114,GP,light,K202b,K2
K202b_3003,K202b,30,T2,29.32848164,0.916649681,GP,light,K202b,K2
K202b_3105,K202b,31,T2,30.02431189,0.986005254,GP,light,K202b,K2
K202b_3206,K202b,32,T2,31.28507227,0.547390645,GP,light,K202b,K2
K202b_3302,K202b,33,T2,32.58998733,0.80222701,GP,light,K202b,K2
K202b_3403,K202b,34,T2,33.17739486,0.276196233,GP,light,K202b,K2
K202c_2703,K202c,27,T2,26.4303142,0.913697042,GP,light,K202c,K2
K202c_2804,K202c,28,T2,27.10976568,0.943417673,GP,light,K202c,K2
K202c_2906,K202c,29,T2,28.22361693,0.880958535,GP,light,K202c,K2
K202c_3001,K202c,30,T2,29.06065201,1.013793783,GP,light,K202c,K2
K202c_3103,K202c,31,T2,30.63144834,1.323013748,GP,light,K202c,K2
K202c_3205,K202c,32,T2,31.29324462,0.968820755,GP,light,K202c,K2
K202c_3306,K202c,33,T2,32.61182381,0.765673108,GP,light,K202c,K2
K202c_3402,K202c,34,T2,33.19777745,0.539952512,GP,light,K202c,K2
K202d_2705,K202d,27,T2,26.34020429,0.999709505,GP,light,K202d,K2
K202d_2806,K202d,28,T2,27.3998401,0.950494687,GP,light,K202d,K2
K202d_2902,K202d,29,T2,28.58641019,1.157177193,GP,light,K202d,K2
K202d_3003,K202d,30,T2,29.27583497,1.067512628,GP,light,K202d,K2
K202d_3105,K202d,31,T2,29.84755104,1.167914937,GP,light,K202d,K2
K202d_3201,K202d,32,T2,31.46096247,1.375382612,GP,light,K202d,K2
K202d_3302,K202d,33,T2,32.54433803,0.906876288,GP,light,K202d,K2
K202d_3404,K202d,34,T2,33.10987077,0.363401364,GP,light,K202d,K2
K203a_2702,K203a,27,T3,26.43676416,0.848773282,GP,light,K203a,K2
K203a_2803,K203a,28,T3,27.1939769,0.912810266,GP,light,K203a,K2
K203a_2905,K203a,29,T3,28.31667203,1.126552322,GP,light,K203a,K2
K203a_3006,K203a,30,T3,29.37363933,0.560633246,GP,light,K203a,K2
K203a_3102,K203a,31,T3,30.42629868,1.395100241,GP,light,K203a,K2
K203a_3204,K203a,32,T3,31.38979109,1.093713484,GP,light,K203a,K2
K203a_3305,K203a,33,T3,32.42661286,0.677116241,GP,light,K203a,K2
K203a_3401,K203a,34,T3,33.1084862,0.374416683,GP,light,K203a,K2
K203b_2701,K203b,27,T3,26.27048185,1.040925516,GP,light,K203b,K2
K203b_2802,K203b,28,T3,26.92302322,1.205428699,GP,light,K203b,K2
K203b_2904,K203b,29,T3,28.62893614,1.141701949,GP,light,K203b,K2
K203b_3005,K203b,30,T3,29.24767763,0.681755675,GP,light,K203b,K2
K203b_3101,K203b,31,T3,30.5093146,1.507139727,GP,light,K203b,K2
K203b_3203,K203b,32,T3,31.31001639,1.429837844,GP,light,K203b,K2
K203b_3304,K203b,33,T3,32.36561462,0.833777761,GP,light,K203b,K2
K203b_3406,K203b,34,T3,33.04200767,0.296372197,GP,light,K203b,K2
K203c_2703,K203c,27,T3,26.27916124,0.871056703,GP,light,K203c,K2
K203c_2805,K203c,28,T3,27.28471706,0.896251723,GP,light,K203c,K2
K203c_2906,K203c,29,T3,28.23745869,0.789402208,GP,light,K203c,K2
K203c_3002,K203c,30,T3,29.46108923,1.058992335,GP,light,K203c,K2
K203c_3104,K203c,31,T3,30.06503908,1.2148614,GP,light,K203c,K2
K203c_3205,K203c,32,T3,31.21356399,0.849305277,GP,light,K203c,K2
K203c_3301,K203c,33,T3,32.49912536,0.990618767,GP,light,K203c,K2
K203c_3402,K203c,34,T3,33.11515152,0.388643626,GP,light,K203c,K2
K203d_2704,K203d,27,T3,26.49429016,0.794656253,GP,light,K203d,K2
K203d_2805,K203d,28,T3,27.28950498,0.842011371,GP,light,K203d,K2
K203d_2901,K203d,29,T3,28.39194861,1.185701699,GP,light,K203d,K2
K203d_3002,K203d,30,T3,29.41619267,0.952941841,GP,light,K203d,K2
K203d_3104,K203d,31,T3,30.18822623,1.115218271,GP,light,K203d,K2
K203d_3206,K203d,32,T3,31.29577238,0.563398755,GP,light,K203d,K2
K203d_3301,K203d,33,T3,32.37924261,1.019626605,GP,light,K203d,K2
K203d_3403,K203d,34,T3,33.1130971,0.332547749,GP,light,K203d,K2
K20Ca_2704,K20Ca,27,C,26.36481988,0.988428379,GP,light,K20Ca,K2
K20Ca_2806,K20Ca,28,C,27.30945628,0.881666215,GP,light,K20Ca,K2
K20Ca_2901,K20Ca,29,C,28.40125521,1.348840867,GP,light,K20Ca,K2
K20Ca_3003,K20Ca,30,C,29.24296276,1.099078567,GP,light,K20Ca,K2
K20Ca_3105,K20Ca,31,C,30.00014011,1.360162904,GP,light,K20Ca,K2
K20Ca_3206,K20Ca,32,C,31.27275612,0.842676413,GP,light,K20Ca,K2
K20Ca_3302,K20Ca,33,C,32.58491569,1.090149341,GP,light,K20Ca,K2
K20Ca_3403,K20Ca,34,C,33.14568157,0.497491316,GP,light,K20Ca,K2
K20Cb_2703,K20Cb,27,C,26.21174644,0.856144718,GP,light,K20Cb,K2
K20Cb_2804,K20Cb,28,C,27.13471087,0.766966407,GP,light,K20Cb,K2
K20Cb_2906,K20Cb,29,C,28.27598873,0.681236128,GP,light,K20Cb,K2
K20Cb_3001,K20Cb,30,C,29.17342892,0.863843654,GP,light,K20Cb,K2
K20Cb_3103,K20Cb,31,C,30.17381116,0.954013171,GP,light,K20Cb,K2
K20Cb_3205,K20Cb,32,C,31.28072116,0.691712314,GP,light,K20Cb,K2
K20Cb_3306,K20Cb,33,C,32.5322023,0.362468633,GP,light,K20Cb,K2
K20Cb_3402,K20Cb,34,C,32.95014258,0.2456555,GP,light,K20Cb,K2
K20Cc_2702,K20Cc,27,C,26.48239245,0.992488151,GP,light,K20Cc,K2
K20Cc_2803,K20Cc,28,C,27.18490347,1.065900194,GP,light,K20Cc,K2
K20Cc_2905,K20Cc,29,C,28.40299263,1.159659917,GP,light,K20Cc,K2
K20Cc_3006,K20Cc,30,C,29.49292508,0.640704055,GP,light,K20Cc,K2
K20Cc_3102,K20Cc,31,C,30.458859,1.394996936,GP,light,K20Cc,K2
K20Cc_3205,K20Cc,32,C,31.30785126,1.194097863,GP,light,K20Cc,K2
K20Cc_3305,K20Cc,33,C,32.46430401,0.874587845,GP,light,K20Cc,K2
K20Cc_3401,K20Cc,34,C,33.07677828,0.580499876,GP,light,K20Cc,K2
K20Cd_2703,K20Cd,27,C,26.33540661,0.905391415,GP,light,K20Cd,K2
K20Cd_2805,K20Cd,28,C,27.29533164,0.973705488,GP,light,K20Cd,K2
K20Cd_2906,K20Cd,29,C,28.15526867,0.876332163,GP,light,K20Cd,K2
K20Cd_3002,K20Cd,30,C,29.36772391,1.15311471,GP,light,K20Cd,K2
K20Cd_3104,K20Cd,31,C,30.12240875,1.231183029,GP,light,K20Cd,K2
K20Cd_3205,K20Cd,32,C,31.32679298,0.893882453,GP,light,K20Cd,K2
K20Cd_3301,K20Cd,33,C,32.49211228,0.999297455,GP,light,K20Cd,K2
K20Cd_3402,K20Cd,34,C,33.09428512,0.382144976,GP,light,K20Cd,K2
M501a_2706,M501a,27,T1,26.3420711,0.728163435,GP,light,M501a,M5
M501a_2802,M501a,28,T1,27.14612023,0.944826161,GP,light,M501a,M5
M501a_2903,M501a,29,T1,28.36928644,1.06985409,GP,light,M501a,M5
M501a_3005,M501a,30,T1,29.26746216,0.553238612,GP,light,M501a,M5
M501a_3101,M501a,31,T1,30.47447403,1.288523615,GP,light,M501a,M5
M501a_3202,M501a,32,T1,31.3796444,1.196336774,GP,light,M501a,M5
M501a_3304,M501a,33,T1,32.41601549,0.876401886,GP,light,M501a,M5
M501a_3405,M501a,34,T1,33.20993692,0.365716263,GP,light,M501a,M5
M501b_2702,M501b,27,T1,26.27576976,0.839131294,GP,light,M501b,M5
M501b_2803,M501b,28,T1,27.1743643,0.940817767,GP,light,M501b,M5
M501b_2905,M501b,29,T1,28.36482419,1.088353144,GP,light,M501b,M5
M501b_3006,M501b,30,T1,29.47159723,0.509135658,GP,light,M501b,M5
M501b_3102,M501b,31,T1,30.46139932,1.280291641,GP,light,M501b,M5
M501b_3204,M501b,32,T1,31.26030882,1.2073686,GP,light,M501b,M5
M501b_3305,M501b,33,T1,32.46640824,0.835149766,GP,light,M501b,M5
M501b_3401,M501b,34,T1,33.00032411,0.506071694,GP,light,M501b,M5
M501c_2702,M501c,27,T1,26.51393848,0.944681912,GP,light,M501c,M5
M501c_2804,M501c,28,T1,27.15607018,1.081058398,GP,light,M501c,M5
M501c_2905,M501c,29,T1,28.33416498,1.224717212,GP,light,M501c,M5
M501c_3001,M501c,30,T1,29.11951798,1.162693034,GP,light,M501c,M5
M501c_3103,M501c,31,T1,30.50979066,1.190959879,GP,light,M501c,M5
M501c_3204,M501c,32,T1,31.28356967,1.100898767,GP,light,M501c,M5
M501c_3306,M501c,33,T1,32.39778831,0.584858023,GP,light,M501c,M5
M501c_3401,M501c,34,T1,33.0247433,0.567929755,GP,light,M501c,M5
M501d_2703,M501d,27,T1,26.45092746,0.901254631,GP,light,M501d,M5
M501d_2804,M501d,28,T1,27.07960971,1.063587203,GP,light,M501d,M5
M501d_2906,M501d,29,T1,28.09930041,0.868042936,GP,light,M501d,M5
M501d_3001,M501d,30,T1,29.13728609,1.209299738,GP,light,M501d,M5
M501d_3103,M501d,31,T1,30.53668272,1.372544549,GP,light,M501d,M5
M501d_3205,M501d,32,T1,31.1771532,0.935151865,GP,light,M501d,M5
M501d_3306,M501d,33,T1,32.61087964,0.549913168,GP,light,M501d,M5
M501d_3402,M501d,34,T1,32.94509829,0.554198775,GP,light,M501d,M5
M502a_2704,M502a,27,T2,26.34128424,0.842773103,GP,light,M502a,M5
M502a_2805,M502a,28,T2,27.33737852,0.874668515,GP,light,M502a,M5
M502a_2901,M502a,29,T2,28.29159709,1.237749749,GP,light,M502a,M5
M502a_3002,M502a,30,T2,29.37669617,1.002048943,GP,light,M502a,M5
M502a_3104,M502a,31,T2,29.89295471,1.259712616,GP,light,M502a,M5
M502a_3206,M502a,32,T2,31.37027209,0.52760767,GP,light,M502a,M5
M502a_3301,M502a,33,T2,32.4228129,0.893646866,GP,light,M502a,M5
M502a_3403,M502a,34,T2,33.24195602,0.282947422,GP,light,M502a,M5
M502b_2702,M502b,27,T2,26.36680936,0.888637243,GP,light,M502b,M5
M502b_2803,M502b,28,T2,27.10755483,0.968368987,GP,light,M502b,M5
M502b_2905,M502b,29,T2,28.33359101,1.052219479,GP,light,M502b,M5
M502b_3006,M502b,30,T2,29.53410354,0.448842401,GP,light,M502b,M5
M502b_3102,M502b,31,T2,30.22556431,1.200896994,GP,light,M502b,M5
M502b_3204,M502b,32,T2,31.23451846,0.979991643,GP,light,M502b,M5
M502b_3305,M502b,33,T2,32.38730323,0.657870058,GP,light,M502b,M5
M502b_3401,M502b,34,T2,33.03428728,0.345137175,GP,light,M502b,M5
M502c_2701,M502c,27,T2,26.45390876,0.739411416,GP,light,M502c,M5
M502c_2802,M502c,28,T2,26.95631324,0.805906186,GP,light,M502c,M5
M502c_2904,M502c,29,T2,28.58688328,0.906532191,GP,light,M502c,M5
M502c_3005,M502c,30,T2,29.23617672,0.483276239,GP,light,M502c,M5
M502c_3101,M502c,31,T2,30.36687404,1.050484486,GP,light,M502c,M5
M502c_3203,M502c,32,T2,31.26550871,1.000322637,GP,light,M502c,M5
M502c_3304,M502c,33,T2,32.4080494,0.577633383,GP,light,M502c,M5
M502c_3406,M502c,34,T2,33.15373923,0.205865564,GP,light,M502c,M5
M502d_2702,M502d,27,T2,26.21446392,0.858580906,GP,light,M502d,M5
M502d_2804,M502d,28,T2,27.17158092,0.89956845,GP,light,M502d,M5
M502d_2905,M502d,29,T2,28.41419884,0.906230857,GP,light,M502d,M5
M502d_3001,M502d,30,T2,29.04320002,1.067044021,GP,light,M502d,M5
M502d_3103,M502d,31,T2,30.22069823,1.211282714,GP,light,M502d,M5
M502d_3204,M502d,32,T2,31.18202811,1.026972485,GP,light,M502d,M5
M502d_3306,M502d,33,T2,32.57268405,0.440391908,GP,light,M502d,M5
M502d_3401,M502d,34,T2,33.07559217,0.322038429,GP,light,M502d,M5
M503a_2701,M503a,27,T3,26.34082557,0.842087478,GP,light,M503a,M5
M503a_2803,M503a,28,T3,27.14071458,0.912032277,GP,light,M503a,M5
M503a_2904,M503a,29,T3,28.6271168,0.972705536,GP,light,M503a,M5
M503a_3006,M503a,30,T3,29.37344768,0.310695936,GP,light,M503a,M5
M503a_3102,M503a,31,T3,30.26616997,1.173819399,GP,light,M503a,M5
M503a_3203,M503a,32,T3,31.39769327,1.055279098,GP,light,M503a,M5
M503a_3305,M503a,33,T3,32.35723031,0.682315081,GP,light,M503a,M5
M503a_3406,M503a,34,T3,33.10527515,0.195318384,GP,light,M503a,M5
M503b_2703,M503b,27,T3,26.33363676,0.814153724,GP,light,M503b,M5
M503b_2804,M503b,28,T3,27.1393223,0.890181875,GP,light,M503b,M5
M503b_2906,M503b,29,T3,28.21418748,0.708752165,GP,light,M503b,M5
M503b_3001,M503b,30,T3,29.10915241,1.001970039,GP,light,M503b,M5
M503b_3103,M503b,31,T3,30.51218084,1.104020598,GP,light,M503b,M5
M503b_3205,M503b,32,T3,31.42705577,0.731975261,GP,light,M503b,M5
M503b_3306,M503b,33,T3,32.53770401,0.470748925,GP,light,M503b,M5
M503b_3402,M503b,34,T3,32.9521349,0.327004565,GP,light,M503b,M5
M503c_2705,M503c,27,T3,26.44347531,0.706804145,GP,light,M503c,M5
M503c_2806,M503c,28,T3,27.25127118,0.75888471,GP,light,M503c,M5
M503c_2902,M503c,29,T3,28.46582548,1.036062625,GP,light,M503c,M5
M503c_3003,M503c,30,T3,29.33620568,0.805564204,GP,light,M503c,M5
M503c_3105,M503c,31,T3,29.87725553,0.913046138,GP,light,M503c,M5
M503c_3201,M503c,32,T3,31.28943567,1.048377982,GP,light,M503c,M5
M503c_3302,M503c,33,T3,32.48691024,0.783159395,GP,light,M503c,M5
M503c_3404,M503c,34,T3,33.14485683,0.322774258,GP,light,M503c,M5
M503d_2705,M503d,27,T3,26.4955094,0.855638469,GP,light,M503d,M5
M503d_2801,M503d,28,T3,27.18859633,0.966911226,GP,light,M503d,M5
M503d_2902,M503d,29,T3,28.54037168,1.177374822,GP,light,M503d,M5
M503d_3004,M503d,30,T3,29.42594643,0.656281606,GP,light,M503d,M5
M503d_3106,M503d,31,T3,30.06976585,0.740986336,GP,light,M503d,M5
M503d_3201,M503d,32,T3,31.40303943,1.175435499,GP,light,M503d,M5
M503d_3303,M503d,33,T3,32.53488081,0.94176127,GP,light,M503d,M5
M503d_3404,M503d,34,T3,33.25881571,0.309887138,GP,light,M503d,M5
M50Ca_2705,M50Ca,27,C,26.51785573,1.006144348,GP,light,M50Ca,M5
M50Ca_2806,M50Ca,28,C,27.24603197,0.952441784,GP,light,M50Ca,M5
M50Ca_2902,M50Ca,29,C,28.45820459,1.330230557,GP,light,M50Ca,M5
M50Ca_3003,M50Ca,30,C,29.23151756,1.165852199,GP,light,M50Ca,M5
M50Ca_3105,M50Ca,31,C,30.0699239,1.176394459,GP,light,M50Ca,M5
M50Ca_3201,M50Ca,32,C,31.34643096,1.214495902,GP,light,M50Ca,M5
M50Ca_3302,M50Ca,33,C,32.43015666,0.945051116,GP,light,M50Ca,M5
M50Ca_3404,M50Ca,34,C,33.18135662,0.255903726,GP,light,M50Ca,M5
M50Cb_2702,M50Cb,27,C,26.41612588,0.910401478,GP,light,M50Cb,M5
M50Cb_2804,M50Cb,28,C,27.24797158,1.035712104,GP,light,M50Cb,M5
M50Cb_2905,M50Cb,29,C,28.38731382,1.163755436,GP,light,M50Cb,M5
M50Cb_3001,M50Cb,30,C,29.01960246,1.240023431,GP,light,M50Cb,M5
M50Cb_3103,M50Cb,31,C,30.68093916,1.305500452,GP,light,M50Cb,M5
M50Cb_3204,M50Cb,32,C,31.19506624,1.182407053,GP,light,M50Cb,M5
M50Cb_3306,M50Cb,33,C,32.28596855,0.446985949,GP,light,M50Cb,M5
M50Cb_3401,M50Cb,34,C,33.16716834,0.404529449,GP,light,M50Cb,M5
M50Cc_2701,M50Cc,27,C,26.41487449,0.793158892,GP,light,M50Cc,M5
M50Cc_2802,M50Cc,28,C,27.13856787,1.035217801,GP,light,M50Cc,M5
M50Cc_2904,M50Cc,29,C,28.73473366,1.121776926,GP,light,M50Cc,M5
M50Cc_3005,M50Cc,30,C,29.31360184,0.585062363,GP,light,M50Cc,M5
M50Cc_3101,M50Cc,31,C,30.36474967,1.361066558,GP,light,M50Cc,M5
M50Cc_3203,M50Cc,32,C,31.24165259,1.168435209,GP,light,M50Cc,M5
M50Cc_3304,M50Cc,33,C,32.46674477,0.776828729,GP,light,M50Cc,M5
M50Cc_3406,M50Cc,34,C,33.10197827,0.194702971,GP,light,M50Cc,M5
M50Cd_2701,M50Cd,27,C,26.50462592,4.185732468,GP,light,M50Cd,M5
M50Cd_2803,M50Cd,28,C,27.06772631,4.407358502,GP,light,M50Cd,M5
M50Cd_2904,M50Cd,29,C,28.64926439,4.997190497,GP,light,M50Cd,M5
M50Cd_3006,M50Cd,30,C,29.452809,2.087289898,GP,light,M50Cd,M5
M50Cd_3102,M50Cd,31,C,30.38137227,4.81951987,GP,light,M50Cd,M5
M50Cd_3203,M50Cd,32,C,31.32223235,4.959308341,GP,light,M50Cd,M5
M50Cd_3305,M50Cd,33,C,32.45307145,3.078272878,GP,light,M50Cd,M5
M50Cd_3407,M50Cd,34,C,33.13682895,1.082588956,GP,light,M50Cd,M5
M601a_2705,M601a,27,T1,26.40911114,0.823690294,GP,light,M601a,M6
M601a_2806,M601a,28,T1,27.29089219,0.820010454,GP,light,M601a,M6
M601a_2902,M601a,29,T1,28.56582023,1.088375621,GP,light,M601a,M6
M601a_3003,M601a,30,T1,29.32468353,0.986093214,GP,light,M601a,M6
M601a_3105,M601a,31,T1,30.09948507,1.135925372,GP,light,M601a,M6
M601a_3201,M601a,32,T1,31.39057931,1.410527376,GP,light,M601a,M6
M601a_3302,M601a,33,T1,32.39024922,1.011941106,GP,light,M601a,M6
M601a_3404,M601a,34,T1,33.23344727,0.468161752,GP,light,M601a,M6
M601b_2701,M601b,27,T1,26.44632332,1.121824333,GP,light,M601b,M6
M601b_2802,M601b,28,T1,27.23649537,1.306673951,GP,light,M601b,M6
M601b_2904,M601b,29,T1,28.66475495,1.447960634,GP,light,M601b,M6
M601b_3005,M601b,30,T1,29.30248639,0.696197175,GP,light,M601b,M6
M601b_3101,M601b,31,T1,30.27211728,1.569125095,GP,light,M601b,M6
M601b_3203,M601b,32,T1,31.3384851,1.395455708,GP,light,M601b,M6
M601b_3304,M601b,33,T1,32.33406579,0.938069658,GP,light,M601b,M6
M601b_3406,M601b,34,T1,32.94159232,0.33687789,GP,light,M601b,M6
M601c_2704,M601c,27,T1,26.37012921,0.921200998,GP,light,M601c,M6
M601c_2806,M601c,28,T1,27.32618607,0.898135958,GP,light,M601c,M6
M601c_2901,M601c,29,T1,28.23460825,1.454018196,GP,light,M601c,M6
M601c_3003,M601c,30,T1,29.35773685,1.077598925,GP,light,M601c,M6
M601c_3105,M601c,31,T1,29.9536235,1.243643437,GP,light,M601c,M6
M601c_3206,M601c,32,T1,31.15365516,0.692235481,GP,light,M601c,M6
M601c_3302,M601c,33,T1,32.61186898,0.827998215,GP,light,M601c,M6
M601c_3403,M601c,34,T1,33.12428359,0.309805363,GP,light,M601c,M6
M601d_2705,M601d,27,T1,26.40437636,0.843490884,GP,light,M601d,M6
M601d_2801,M601d,28,T1,27.18762583,0.928615367,GP,light,M601d,M6
M601d_2902,M601d,29,T1,28.41615608,1.161288651,GP,light,M601d,M6
M601d_3004,M601d,30,T1,29.37701222,0.69979832,GP,light,M601d,M6
M601d_3106,M601d,31,T1,29.98782707,0.897283464,GP,light,M601d,M6
M601d_3201,M601d,32,T1,31.33169213,1.184604618,GP,light,M601d,M6
M601d_3303,M601d,33,T1,32.49237472,0.782337733,GP,light,M601d,M6
M601d_3404,M601d,34,T1,33.14150519,0.273269193,GP,light,M601d,M6
M602a_2701,M602a,27,T2,26.43866805,0.871503758,GP,light,M602a,M6
M602a_2803,M602a,28,T2,27.07756725,0.981848479,GP,light,M602a,M6
M602a_2904,M602a,29,T2,28.68143306,0.973433558,GP,light,M602a,M6
M602a_3006,M602a,30,T2,29.57192266,0.448460248,GP,light,M602a,M6
M602a_3102,M602a,31,T2,30.24488705,1.111211508,GP,light,M602a,M6
M602a_3203,M602a,32,T2,31.30394894,0.927342878,GP,light,M602a,M6
M602a_3305,M602a,33,T2,32.2924029,0.569398327,GP,light,M602a,M6
M602a_3406,M602a,34,T2,33.19552568,0.205398307,GP,light,M602a,M6
M602b_2706,M602b,27,T2,26.37300328,0.68033324,GP,light,M602b,M6
M602b_2802,M602b,28,T2,27.16379897,0.827677008,GP,light,M602b,M6
M602b_2903,M602b,29,T2,28.40655733,0.968108591,GP,light,M602b,M6
M602b_3005,M602b,30,T2,29.19965464,0.496145071,GP,light,M602b,M6
M602b_3101,M602b,31,T2,30.42266533,1.173485921,GP,light,M602b,M6
M602b_3202,M602b,32,T2,31.30294727,1.05291605,GP,light,M602b,M6
M602b_3304,M602b,33,T2,32.34450075,0.631684981,GP,light,M602b,M6
M602b_3405,M602b,34,T2,33.05790688,0.249823551,GP,light,M602b,M6
M602c_2705,M602c,27,T2,26.37971919,0.923676793,GP,light,M602c,M6
M602c_2801,M602c,28,T2,27.2263183,1.02446217,GP,light,M602c,M6
M602c_2902,M602c,29,T2,28.49684891,1.104025807,GP,light,M602c,M6
M602c_3004,M602c,30,T2,29.3376388,0.654843023,GP,light,M602c,M6
M602c_3106,M602c,31,T2,30.07178241,0.777257958,GP,light,M602c,M6
M602c_3201,M602c,32,T2,31.17822921,1.171414173,GP,light,M602c,M6
M602c_3303,M602c,33,T2,32.32113075,0.60776351,GP,light,M602c,M6
M602c_3404,M602c,34,T2,33.07969292,0.215680264,GP,light,M602c,M6
M602d_2703,M602d,27,T2,26.43874085,0.888675206,GP,light,M602d,M6
M602d_2805,M602d,28,T2,27.35874233,0.824807791,GP,light,M602d,M6
M602d_2906,M602d,29,T2,28.20061084,0.77925911,GP,light,M602d,M6
M602d_3002,M602d,30,T2,29.38550441,1.036417203,GP,light,M602d,M6
M602d_3104,M602d,31,T2,29.9710565,1.150190638,GP,light,M602d,M6
M602d_3205,M602d,32,T2,31.39725609,0.869712273,GP,light,M602d,M6
M602d_3301,M602d,33,T2,32.35668305,0.845496092,GP,light,M602d,M6
M602d_3402,M602d,34,T2,33.0867253,0.214525411,GP,light,M602d,M6
M603a_2704,M603a,27,T3,26.50516698,0.906970787,GP,light,M603a,M6
M603a_2806,M603a,28,T3,27.21121343,0.895527917,GP,light,M603a,M6
M603a_2901,M603a,29,T3,28.32433384,1.130077712,GP,light,M603a,M6
M603a_3003,M603a,30,T3,29.2507284,1.037783984,GP,light,M603a,M6
M603a_3105,M603a,31,T3,30.06730616,1.064479242,GP,light,M603a,M6
M603a_3206,M603a,32,T3,31.28828068,0.577729589,GP,light,M603a,M6
M603a_3302,M603a,33,T3,32.52109016,0.70286304,GP,light,M603a,M6
M603a_3403,M603a,34,T3,33.21544359,0.256414411,GP,light,M603a,M6
M603b_2706,M603b,27,T3,26.37612772,0.696666052,GP,light,M603b,M6
M603b_2801,M603b,28,T3,27.06528221,0.840795977,GP,light,M603b,M6
M603b_2903,M603b,29,T3,28.45515226,0.9156267,GP,light,M603b,M6
M603b_3004,M603b,30,T3,29.28526478,0.596668734,GP,light,M603b,M6
M603b_3106,M603b,31,T3,29.94601464,0.763984401,GP,light,M603b,M6
M603b_3202,M603b,32,T3,31.32580887,1.11410967,GP,light,M603b,M6
M603b_3303,M603b,33,T3,32.51138627,0.744904933,GP,light,M603b,M6
M603b_3405,M603b,34,T3,33.07398551,0.243028035,GP,light,M603b,M6
M603c_2706,M603c,27,T3,26.30522994,0.757758871,GP,light,M603c,M6
M603c_2802,M603c,28,T3,27.13817963,0.944667494,GP,light,M603c,M6
M603c_2903,M603c,29,T3,28.41650127,0.998754359,GP,light,M603c,M6
M603c_3005,M603c,30,T3,29.15952226,0.553893932,GP,light,M603c,M6
M603c_3101,M603c,31,T3,30.39490647,1.088323282,GP,light,M603c,M6
M603c_3202,M603c,32,T3,31.37259641,1.062380635,GP,light,M603c,M6
M603c_3304,M603c,33,T3,32.4310354,0.691953238,GP,light,M603c,M6
M603c_3405,M603c,34,T3,33.12131622,0.218365571,GP,light,M603c,M6
M603d_2702,M603d,27,T3,26.24405966,0.988476982,GP,light,M603d,M6
M603d_2804,M603d,28,T3,27.18215571,1.049554581,GP,light,M603d,M6
M603d_2905,M603d,29,T3,28.26763611,1.084028306,GP,light,M603d,M6
M603d_3001,M603d,30,T3,28.86613166,1.298171338,GP,light,M603d,M6
M603d_3103,M603d,31,T3,30.49427192,1.302669633,GP,light,M603d,M6
M603d_3204,M603d,32,T3,31.21435903,1.221947054,GP,light,M603d,M6
M603d_3306,M603d,33,T3,32.52846709,0.544512904,GP,light,M603d,M6
M603d_3401,M603d,34,T3,32.95190283,0.333176919,GP,light,M603d,M6
M60Ca_2706,M60Ca,27,C,26.29118037,0.740932937,GP,light,M60Ca,M6
M60Ca_2802,M60Ca,28,C,27.13421339,0.970870946,GP,light,M60Ca,M6
M60Ca_2903,M60Ca,29,C,28.44959961,0.986513507,GP,light,M60Ca,M6
M60Ca_3005,M60Ca,30,C,29.18514998,0.528698939,GP,light,M60Ca,M6
M60Ca_3101,M60Ca,31,C,30.3514694,1.212462029,GP,light,M60Ca,M6
M60Ca_3202,M60Ca,32,C,31.38580314,1.139945573,GP,light,M60Ca,M6
M60Ca_3304,M60Ca,33,C,32.42748933,0.597208966,GP,light,M60Ca,M6
M60Ca_3405,M60Ca,34,C,33.10696028,0.183293141,GP,light,M60Ca,M6
M60Cb_2704,M60Cb,27,C,26.28498025,0.881581251,GP,light,M60Cb,M6
M60Cb_2805,M60Cb,28,C,27.37145484,0.833239909,GP,light,M60Cb,M6
M60Cb_2901,M60Cb,29,C,28.30766567,1.092150287,GP,light,M60Cb,M6
M60Cb_3002,M60Cb,30,C,29.40099195,0.906363896,GP,light,M60Cb,M6
M60Cb_3104,M60Cb,31,C,30.02411286,1.011009743,GP,light,M60Cb,M6
M60Cb_3206,M60Cb,32,C,31.35804599,0.591827351,GP,light,M60Cb,M6
M60Cb_3301,M60Cb,33,C,32.35930273,0.7884598,GP,light,M60Cb,M6
M60Cb_3403,M60Cb,34,C,33.17980026,0.222288161,GP,light,M60Cb,M6
M60Cc_2706,M60Cc,27,C,26.39596864,0.780604494,GP,light,M60Cc,M6
M60Cc_2801,M60Cc,28,C,27.16112401,0.871976369,GP,light,M60Cc,M6
M60Cc_2903,M60Cc,29,C,28.80629054,0.994001107,GP,light,M60Cc,M6
M60Cc_3004,M60Cc,30,C,29.33993631,0.576234368,GP,light,M60Cc,M6
M60Cc_3106,M60Cc,31,C,29.88401847,0.762573913,GP,light,M60Cc,M6
M60Cc_3202,M60Cc,32,C,31.47486591,1.088036833,GP,light,M60Cc,M6
M60Cc_3303,M60Cc,33,C,32.50392171,0.726774461,GP,light,M60Cc,M6
M60Cc_3405,M60Cc,34,C,32.98505792,0.132312243,GP,light,M60Cc,M6
M60Cd_2705,M60Cd,27,C,26.46612711,0.800510322,GP,light,M60Cd,M6
M60Cd_2801,M60Cd,28,C,27.2167535,0.948343629,GP,light,M60Cd,M6
M60Cd_2902,M60Cd,29,C,28.47398725,1.086564897,GP,light,M60Cd,M6
M60Cd_3004,M60Cd,30,C,29.27917435,0.643200054,GP,light,M60Cd,M6
M60Cd_3106,M60Cd,31,C,30.01212774,0.73093276,GP,light,M60Cd,M6
M60Cd_3201,M60Cd,32,C,31.20467013,1.242220902,GP,light,M60Cd,M6
M60Cd_3303,M60Cd,33,C,32.44314712,0.756793072,GP,light,M60Cd,M6
M60Cd_3404,M60Cd,34,C,33.26522731,0.238324482,GP,light,M60Cd,M6
