"","individual.ID","temp.Cat","treatment","Temp.C","umol.cm2.hr","rate.type","light_dark","fragment.ID","genotype"
"1","K201a","27","T1","26.4465327179892","0.52048235585502","NP","light","K201a","K2"
"3","K201a","28","T1","27.1207761118684","0.606235349939112","NP","light","K201a","K2"
"5","K201a","29","T1","28.4809315959928","0.799659629985693","NP","light","K201a","K2"
"7","K201a","30","T1","29.3024329859685","0.394626224496811","NP","light","K201a","K2"
"9","K201a","31","T1","30.0255191239729","0.435968512045661","NP","light","K201a","K2"
"11","K201a","32","T1","31.4475717458211","0.82297738760239","NP","light","K201a","K2"
"13","K201a","33","T1","32.5641591184272","0.536844338618425","NP","light","K201a","K2"
"15","K201a","34","T1","32.9270172306584","-0.00660179416377695","NP","light","K201a","K2"
"17","K201b","27","T1","26.4184765736336","0.481147206702596","NP","light","K201b","K2"
"19","K201b","28","T1","27.3756992447535","0.457487706032866","NP","light","K201b","K2"
"21","K201b","29","T1","28.1780680372421","0.427055454528907","NP","light","K201b","K2"
"23","K201b","30","T1","29.3877759057013","0.598973960431247","NP","light","K201b","K2"
"25","K201b","31","T1","30.1805817600751","0.70892643251311","NP","light","K201b","K2"
"27","K201b","32","T1","31.1978655033091","0.546302921763924","NP","light","K201b","K2"
"29","K201b","33","T1","32.5590044983122","0.692069748330982","NP","light","K201b","K2"
"31","K201b","34","T1","33.2056713957706","0.265973255976954","NP","light","K201b","K2"
"33","K201c","27","T1","26.4353498874218","0.583397575661409","NP","light","K201c","K2"
"35","K201c","28","T1","27.3079529907434","0.639783271602849","NP","light","K201c","K2"
"37","K201c","29","T1","28.6130899039241","0.756835840971941","NP","light","K201c","K2"
"39","K201c","30","T1","29.5239002094609","0.116186128151289","NP","light","K201c","K2"
"41","K201c","31","T1","30.5502291437144","0.812877518125867","NP","light","K201c","K2"
"43","K201c","32","T1","31.4359618014886","0.756212139275803","NP","light","K201c","K2"
"45","K201c","33","T1","32.3640752642529","0.362600103425486","NP","light","K201c","K2"
"47","K201c","34","T1","33.2143802176663","-0.0562571176508391","NP","light","K201c","K2"
"49","K201d","27","T1","26.4587889364859","0.447177564455541","NP","light","K201d","K2"
"51","K201d","28","T1","27.2579729790207","0.51431056734114","NP","light","K201d","K2"
"53","K201d","29","T1","28.3772023399703","0.813589139176556","NP","light","K201d","K2"
"55","K201d","30","T1","29.5704744872919","0.686552120850532","NP","light","K201d","K2"
"57","K201d","31","T1","29.9691488869954","0.759243395834178","NP","light","K201d","K2"
"59","K201d","32","T1","31.3169682958629","0.338141485349306","NP","light","K201d","K2"
"61","K201d","33","T1","32.5308614525301","0.735361044984743","NP","light","K201d","K2"
"63","K201d","34","T1","33.2769903336475","0.26904373436698","NP","light","K201d","K2"
"65","K202a","27","T2","26.461193757682","0.478448691572297","NP","light","K202a","K2"
"67","K202a","28","T2","27.1470940452391","0.608312935543756","NP","light","K202a","K2"
"69","K202a","29","T2","28.3446677511286","0.761988362036855","NP","light","K202a","K2"
"71","K202a","30","T2","29.4241593221888","0.326908851226671","NP","light","K202a","K2"
"73","K202a","31","T2","29.9915962350639","0.512806754477178","NP","light","K202a","K2"
"75","K202a","32","T2","31.4375607394223","0.890858887103162","NP","light","K202a","K2"
"77","K202a","33","T2","32.3235697477799","0.620634751718719","NP","light","K202a","K2"
"79","K202a","34","T2","32.9842725312097","0.106518661367387","NP","light","K202a","K2"
"81","K202b","27","T2","26.4549239910486","0.483261683838089","NP","light","K202b","K2"
"83","K202b","28","T2","27.2788037020173","0.440827125961923","NP","light","K202b","K2"
"85","K202b","29","T2","28.4007356355267","0.691407683874582","NP","light","K202b","K2"
"87","K202b","30","T2","29.3284816442387","0.447253866744396","NP","light","K202b","K2"
"89","K202b","31","T2","30.0243118930846","0.582381139069846","NP","light","K202b","K2"
"91","K202b","32","T2","31.2850722714445","0.111976778945954","NP","light","K202b","K2"
"93","K202b","33","T2","32.5899873348162","0.334285063044133","NP","light","K202b","K2"
"95","K202b","34","T2","33.1773948622652","-0.0238902707228068","NP","light","K202b","K2"
"97","K202c","27","T2","26.430314199518","0.490611458327343","NP","light","K202c","K2"
"99","K202c","28","T2","27.1097656829685","0.539924160948185","NP","light","K202c","K2"
"101","K202c","29","T2","28.223616930696","0.445339414746375","NP","light","K202c","K2"
"103","K202c","30","T2","29.0606520127356","0.573473958672753","NP","light","K202c","K2"
"105","K202c","31","T2","30.6314483380434","0.734081579835573","NP","light","K202c","K2"
"107","K202c","32","T2","31.293244621896","0.590550271757841","NP","light","K202c","K2"
"109","K202c","33","T2","32.6118238058855","0.324003955884687","NP","light","K202c","K2"
"111","K202c","34","T2","33.1977774451845","0.149617784959856","NP","light","K202c","K2"
"113","K202d","27","T2","26.3402042856596","0.594449056883967","NP","light","K202d","K2"
"115","K202d","28","T2","27.3998401005501","0.511195980728221","NP","light","K202d","K2"
"117","K202d","29","T2","28.5864101907629","0.687692894072281","NP","light","K202d","K2"
"119","K202d","30","T2","29.275834969469","0.516028598843963","NP","light","K202d","K2"
"121","K202d","31","T2","29.8475510443882","0.623119808052104","NP","light","K202d","K2"
"123","K202d","32","T2","31.4609624702496","0.790100959697785","NP","light","K202d","K2"
"125","K202d","33","T2","32.544338030735","0.377156010895107","NP","light","K202d","K2"
"127","K202d","34","T2","33.1098707728305","-0.111120121441117","NP","light","K202d","K2"
"129","K203a","27","T3","26.4367641579402","0.461614113358134","NP","light","K203a","K2"
"131","K203a","28","T3","27.1939769047726","0.497115960382884","NP","light","K203a","K2"
"133","K203a","29","T3","28.3166720309682","0.677886358879106","NP","light","K203a","K2"
"135","K203a","30","T3","29.3736393295892","0.0294737318951922","NP","light","K203a","K2"
"137","K203a","31","T3","30.4262986842723","0.79817682647387","NP","light","K203a","K2"
"139","K203a","32","T3","31.389791091434","0.541939744926051","NP","light","K203a","K2"
"141","K203a","33","T3","32.4266128609342","0.222491971328273","NP","light","K203a","K2"
"143","K203a","34","T3","33.1084862034188","-0.0802216416023794","NP","light","K203a","K2"
"145","K203b","27","T3","26.2704818535521","0.589349190154503","NP","light","K203b","K2"
"147","K203b","28","T3","26.923023224819","0.670793148710854","NP","light","K203b","K2"
"149","K203b","29","T3","28.62893614213","0.644946780190712","NP","light","K203b","K2"
"151","K203b","30","T3","29.2476776312544","0.196096296727959","NP","light","K203b","K2"
"153","K203b","31","T3","30.5093145963465","0.889417073736012","NP","light","K203b","K2"
"155","K203b","32","T3","31.310016385235","0.801142963236717","NP","light","K203b","K2"
"157","K203b","33","T3","32.3656146213943","0.317478661328227","NP","light","K203b","K2"
"159","K203b","34","T3","33.042007669365","-0.120326799912856","NP","light","K203b","K2"
"161","K203c","27","T3","26.2791612362591","0.503687259261128","NP","light","K203c","K2"
"163","K203c","28","T3","27.2847170603684","0.492211557960109","NP","light","K203c","K2"
"165","K203c","29","T3","28.2374586862829","0.405916652203066","NP","light","K203c","K2"
"167","K203c","30","T3","29.4610892349417","0.615865111266285","NP","light","K203c","K2"
"169","K203c","31","T3","30.0650390784663","0.702103996523695","NP","light","K203c","K2"
"171","K203c","32","T3","31.2135639946031","0.386582169791723","NP","light","K203c","K2"
"173","K203c","33","T3","32.4991253622893","0.554299055349075","NP","light","K203c","K2"
"175","K203c","34","T3","33.1151515222404","0.0345066431474461","NP","light","K203c","K2"
"177","K203d","27","T3","26.4942901557542","0.469605179021421","NP","light","K203d","K2"
"179","K203d","28","T3","27.2895049835259","0.441524341990168","NP","light","K203d","K2"
"181","K203d","29","T3","28.3919486134022","0.775558642919861","NP","light","K203d","K2"
"183","K203d","30","T3","29.4161926728731","0.507489731456645","NP","light","K203d","K2"
"185","K203d","31","T3","30.1882262280699","0.613312348478425","NP","light","K203d","K2"
"187","K203d","32","T3","31.2957723843593","0.140629935718285","NP","light","K203d","K2"
"189","K203d","33","T3","32.3792426142394","0.509284009535754","NP","light","K203d","K2"
"191","K203d","34","T3","33.1130971014884","-0.010263858182364","NP","light","K203d","K2"
"193","K20Ca","27","C","26.3648198845486","0.52680776548614","NP","light","K20Ca","K2"
"195","K20Ca","28","C","27.3094562835855","0.47213212903367","NP","light","K20Ca","K2"
"197","K20Ca","29","C","28.4012552120083","0.788635595718775","NP","light","K20Ca","K2"
"199","K20Ca","30","C","29.2429627558284","0.555997366046455","NP","light","K20Ca","K2"
"201","K20Ca","31","C","30.0001401075809","0.746269352338193","NP","light","K20Ca","K2"
"203","K20Ca","32","C","31.2727561161041","0.317097805749785","NP","light","K20Ca","K2"
"205","K20Ca","33","C","32.5849156933062","0.546151244196366","NP","light","K20Ca","K2"
"207","K20Ca","34","C","33.1456815744957","0.0601958042116174","NP","light","K20Ca","K2"
"209","K20Cb","27","C","26.2117464405124","0.478908107745383","NP","light","K20Cb","K2"
"211","K20Cb","28","C","27.1347108732077","0.428283689457947","NP","light","K20Cb","K2"
"213","K20Cb","29","C","28.2759887262528","0.321501228089784","NP","light","K20Cb","K2"
"215","K20Cb","30","C","29.1734289230378","0.582223864166072","NP","light","K20Cb","K2"
"217","K20Cb","31","C","30.1738111628291","0.55654755949341","NP","light","K20Cb","K2"
"219","K20Cb","32","C","31.2807211625371","0.299681779795459","NP","light","K20Cb","K2"
"221","K20Cb","33","C","32.5322023047081","0.015784834025264","NP","light","K20Cb","K2"
"223","K20Cb","34","C","32.9501425759791","-0.127341334371219","NP","light","K20Cb","K2"
"225","K20Cc","27","C","26.4823924485873","0.541423676020638","NP","light","K20Cc","K2"
"227","K20Cc","28","C","27.1849034719141","0.578997297611885","NP","light","K20Cc","K2"
"229","K20Cc","29","C","28.4029926329965","0.681327566810734","NP","light","K20Cc","K2"
"231","K20Cc","30","C","29.4929250827518","0.145066108081836","NP","light","K20Cc","K2"
"233","K20Cc","31","C","30.4588589976229","0.823190951009052","NP","light","K20Cc","K2"
"235","K20Cc","32","C","31.3078512607467","0.697414397057425","NP","light","K20Cc","K2"
"237","K20Cc","33","C","32.4643040092438","0.425382232267123","NP","light","K20Cc","K2"
"239","K20Cc","34","C","33.0767782773921","0.0856515165434955","NP","light","K20Cc","K2"
"241","K20Cd","27","C","26.3354066065458","0.494823704323443","NP","light","K20Cd","K2"
"243","K20Cd","28","C","27.2953316421022","0.51207599161557","NP","light","K20Cd","K2"
"245","K20Cd","29","C","28.1552686716963","0.408620437203895","NP","light","K20Cd","K2"
"247","K20Cd","30","C","29.3677239083098","0.70850207870277","NP","light","K20Cd","K2"
"249","K20Cd","31","C","30.1224087455506","0.682690793925945","NP","light","K20Cd","K2"
"251","K20Cd","32","C","31.3267929753253","0.420608312332181","NP","light","K20Cd","K2"
"253","K20Cd","33","C","32.4921122757417","0.430123297379152","NP","light","K20Cd","K2"
"255","K20Cd","34","C","33.0942851208275","-0.0101231617398787","NP","light","K20Cd","K2"
"257","M501a","27","T1","26.3420711033104","0.311625063039033","NP","light","M501a","M5"
"259","M501a","28","T1","27.1461202263217","0.452974490396092","NP","light","M501a","M5"
"261","M501a","29","T1","28.3692864430338","0.637241791958913","NP","light","M501a","M5"
"263","M501a","30","T1","29.2674621568737","0.0724677245515436","NP","light","M501a","M5"
"265","M501a","31","T1","30.4744740278945","0.74702389022023","NP","light","M501a","M5"
"267","M501a","32","T1","31.3796443990308","0.64456263224587","NP","light","M501a","M5"
"269","M501a","33","T1","32.4160154882713","0.381477446164922","NP","light","M501a","M5"
"271","M501a","34","T1","33.2099369172549","-0.00820432215735493","NP","light","M501a","M5"
"273","M501b","27","T1","26.2757697636815","0.432881662737347","NP","light","M501b","M5"
"275","M501b","28","T1","27.1743642955771","0.513676692818415","NP","light","M501b","M5"
"277","M501b","29","T1","28.3648241852162","0.667922784439954","NP","light","M501b","M5"
"279","M501b","30","T1","29.4715972283206","-0.00822022799538508","NP","light","M501b","M5"
"281","M501b","31","T1","30.4613993184807","0.696744296551217","NP","light","M501b","M5"
"283","M501b","32","T1","31.260308821169","0.588120586315047","NP","light","M501b","M5"
"285","M501b","33","T1","32.46640824442","0.389762275490591","NP","light","M501b","M5"
"287","M501b","34","T1","33.0003241135661","0.0611377442811542","NP","light","M501b","M5"
"289","M501c","27","T1","26.513938482891","0.505616919435451","NP","light","M501c","M5"
"291","M501c","28","T1","27.1560701812316","0.543313297459612","NP","light","M501c","M5"
"293","M501c","29","T1","28.3341649759363","0.669045402516431","NP","light","M501c","M5"
"295","M501c","30","T1","29.1195179773166","0.632229337037146","NP","light","M501c","M5"
"297","M501c","31","T1","30.5097906623207","0.680406838397475","NP","light","M501c","M5"
"299","M501c","32","T1","31.2835696710802","0.5914446943527","NP","light","M501c","M5"
"301","M501c","33","T1","32.3977883104941","0.127482643131915","NP","light","M501c","M5"
"303","M501c","34","T1","33.0247432979673","0.109103747981221","NP","light","M501c","M5"
"305","M501d","27","T1","26.4509274558611","0.504942286214967","NP","light","M501d","M5"
"307","M501d","28","T1","27.0796097138555","0.56909016395204","NP","light","M501d","M5"
"309","M501d","29","T1","28.0993004124822","0.396243737292743","NP","light","M501d","M5"
"311","M501d","30","T1","29.1372860906815","0.6256065034947","NP","light","M501d","M5"
"313","M501d","31","T1","30.5366827179374","0.754635167413341","NP","light","M501d","M5"
"315","M501d","32","T1","31.1771531982179","0.369882504597475","NP","light","M501d","M5"
"317","M501d","33","T1","32.6108796385087","0.123518502849325","NP","light","M501d","M5"
"319","M501d","34","T1","32.9450982935504","0.0582105961778422","NP","light","M501d","M5"
"321","M502a","27","T2","26.3412842363674","0.397746029103257","NP","light","M502a","M5"
"323","M502a","28","T2","27.3373785165421","0.386386070988636","NP","light","M502a","M5"
"325","M502a","29","T2","28.2915970947065","0.662790281030342","NP","light","M502a","M5"
"327","M502a","30","T2","29.3766961712235","0.418417474623269","NP","light","M502a","M5"
"329","M502a","31","T2","29.8929547061235","0.571931067187397","NP","light","M502a","M5"
"331","M502a","32","T2","31.370272087971","0.0470530311178177","NP","light","M502a","M5"
"333","M502a","33","T2","32.4228128998567","0.429258255632454","NP","light","M502a","M5"
"335","M502a","34","T2","33.2419560213053","-0.0650718432213372","NP","light","M502a","M5"
"337","M502b","27","T2","26.3668093585767","0.493610155445248","NP","light","M502b","M5"
"339","M502b","28","T2","27.1075548341358","0.507846080826798","NP","light","M502b","M5"
"341","M502b","29","T2","28.3335910079824","0.610355361987934","NP","light","M502b","M5"
"343","M502b","30","T2","29.5341035368085","-0.0254639590152237","NP","light","M502b","M5"
"345","M502b","31","T2","30.2255643075231","0.580880973336594","NP","light","M502b","M5"
"347","M502b","32","T2","31.2345184618205","0.498664581979648","NP","light","M502b","M5"
"349","M502b","33","T2","32.3873032267509","0.226818888444034","NP","light","M502b","M5"
"351","M502b","34","T2","33.0342872752242","-0.0299544891213804","NP","light","M502b","M5"
"353","M502c","27","T2","26.4539087578804","0.351106227938187","NP","light","M502c","M5"
"355","M502c","28","T2","26.9563132375476","0.418081082126637","NP","light","M502c","M5"
"357","M502c","29","T2","28.5868832768594","0.510023030161505","NP","light","M502c","M5"
"359","M502c","30","T2","29.2361767185333","0.0283817892366865","NP","light","M502c","M5"
"361","M502c","31","T2","30.3668740424295","0.587121123382432","NP","light","M502c","M5"
"363","M502c","32","T2","31.2655087054767","0.518690799640539","NP","light","M502c","M5"
"365","M502c","33","T2","32.4080494040169","0.233827418131595","NP","light","M502c","M5"
"367","M502c","34","T2","33.1537392257282","-0.0868088181089943","NP","light","M502c","M5"
"369","M502d","27","T2","26.214463918169","0.438371543280247","NP","light","M502d","M5"
"371","M502d","28","T2","27.1715809202896","0.469365737381529","NP","light","M502d","M5"
"373","M502d","29","T2","28.4141988380704","0.519744472964001","NP","light","M502d","M5"
"375","M502d","30","T2","29.0432000219092","0.516401293832186","NP","light","M502d","M5"
"377","M502d","31","T2","30.2206982336645","0.621342476438896","NP","light","M502d","M5"
"379","M502d","32","T2","31.1820281140697","0.522994125037743","NP","light","M502d","M5"
"381","M502d","33","T2","32.572684046275","0.0300678911061332","NP","light","M502d","M5"
"383","M502d","34","T2","33.0755921652439","-0.00280970610514201","NP","light","M502d","M5"
"385","M503a","27","T3","26.3408255676694","0.433606940900771","NP","light","M503a","M5"
"387","M503a","28","T3","27.1407145753612","0.436030083387509","NP","light","M503a","M5"
"389","M503a","29","T3","28.6271168044467","0.520804048958508","NP","light","M503a","M5"
"391","M503a","30","T3","29.3734476819663","-0.0213134813091035","NP","light","M503a","M5"
"393","M503a","31","T3","30.2661699703874","0.565551199227437","NP","light","M503a","M5"
"395","M503a","32","T3","31.3976932715979","0.552499855969642","NP","light","M503a","M5"
"397","M503a","33","T3","32.3572303087487","0.288511901368556","NP","light","M503a","M5"
"399","M503a","34","T3","33.1052751484431","-0.101919288972819","NP","light","M503a","M5"
"401","M503b","27","T3","26.3336367586385","0.373687459658097","NP","light","M503b","M5"
"403","M503b","28","T3","27.1393223048155","0.4095417966694","NP","light","M503b","M5"
"405","M503b","29","T3","28.21418747723","0.236302659049182","NP","light","M503b","M5"
"407","M503b","30","T3","29.1091524105606","0.553732052324955","NP","light","M503b","M5"
"409","M503b","31","T3","30.5121808421294","0.504316252681762","NP","light","M503b","M5"
"411","M503b","32","T3","31.4270557670605","0.367637824119119","NP","light","M503b","M5"
"413","M503b","33","T3","32.5377040147216","0.0639200073739373","NP","light","M503b","M5"
"415","M503b","34","T3","32.9521349026474","-0.0422935650609566","NP","light","M503b","M5"
"417","M503c","27","T3","26.4434753093433","0.366383001916879","NP","light","M503c","M5"
"419","M503c","28","T3","27.2512711779591","0.352885463186932","NP","light","M503c","M5"
"421","M503c","29","T3","28.4658254830574","0.592344048792055","NP","light","M503c","M5"
"423","M503c","30","T3","29.336205677664","0.331333571893792","NP","light","M503c","M5"
"425","M503c","31","T3","29.8772555287039","0.36991433933411","NP","light","M503c","M5"
"427","M503c","32","T3","31.2894356660229","0.648448582504753","NP","light","M503c","M5"
"429","M503c","33","T3","32.4869102433888","0.433282699447408","NP","light","M503c","M5"
"431","M503c","34","T3","33.1448568330388","0.00633777029906552","NP","light","M503c","M5"
"433","M503d","27","T3","26.4955093973151","0.442347248349574","NP","light","M503d","M5"
"435","M503d","28","T3","27.1885963349658","0.434192761130032","NP","light","M503d","M5"
"437","M503d","29","T3","28.5403716778791","0.692394961583748","NP","light","M503d","M5"
"439","M503d","30","T3","29.4259464296761","0.13674198122716","NP","light","M503d","M5"
"441","M503d","31","T3","30.0697658490724","0.201043456844858","NP","light","M503d","M5"
"443","M503d","32","T3","31.403039430598","0.677977657621659","NP","light","M503d","M5"
"445","M503d","33","T3","32.5348808088924","0.483561737659463","NP","light","M503d","M5"
"447","M503d","34","T3","33.2588157096962","-0.0378068948769131","NP","light","M503d","M5"
"449","M50Ca","27","C","26.5178557346","0.507261315084893","NP","light","M50Ca","M5"
"451","M50Ca","28","C","27.2460319666556","0.375936373145753","NP","light","M50Ca","M5"
"453","M50Ca","29","C","28.4582045909088","0.793608700098683","NP","light","M50Ca","M5"
"455","M50Ca","30","C","29.2315175561101","0.464101840765061","NP","light","M50Ca","M5"
"457","M50Ca","31","C","30.0699238960909","0.539487264320064","NP","light","M50Ca","M5"
"459","M50Ca","32","C","31.3464309633375","0.701562883315815","NP","light","M50Ca","M5"
"461","M50Ca","33","C","32.4301566643817","0.502185939560346","NP","light","M50Ca","M5"
"463","M50Ca","34","C","33.1813566216661","-0.0974558336819745","NP","light","M50Ca","M5"
"465","M50Cb","27","C","26.4161258784011","0.431796644824394","NP","light","M50Cb","M5"
"467","M50Cb","28","C","27.2479715830898","0.526263364353253","NP","light","M50Cb","M5"
"469","M50Cb","29","C","28.3873138213094","0.601325205302287","NP","light","M50Cb","M5"
"471","M50Cb","30","C","29.0196024630025","0.609210657599714","NP","light","M50Cb","M5"
"473","M50Cb","31","C","30.680939161971","0.677019519615985","NP","light","M50Cb","M5"
"475","M50Cb","32","C","31.1950662409579","0.612200138814953","NP","light","M50Cb","M5"
"477","M50Cb","33","C","32.2859685533764","-0.0139565184256409","NP","light","M50Cb","M5"
"479","M50Cb","34","C","33.1671683397942","0.011106168730796","NP","light","M50Cb","M5"
"481","M50Cc","27","C","26.4148744859","0.427326727862573","NP","light","M50Cc","M5"
"483","M50Cc","28","C","27.1385678706891","0.548960592014317","NP","light","M50Cc","M5"
"485","M50Cc","29","C","28.7347336622002","0.584079464543037","NP","light","M50Cc","M5"
"487","M50Cc","30","C","29.3136018372149","0.0730512354519967","NP","light","M50Cc","M5"
"489","M50Cc","31","C","30.3647496702018","0.774499912040033","NP","light","M50Cc","M5"
"491","M50Cc","32","C","31.2416525858008","0.632548776760932","NP","light","M50Cc","M5"
"493","M50Cc","33","C","32.4667447723287","0.324024573403497","NP","light","M50Cc","M5"
"495","M50Cc","34","C","33.1019782712276","-0.13523696745615","NP","light","M50Cc","M5"
"497","M50Cd","27","C","26.5046259222488","1.86301545917832","NP","light","M50Cd","M5"
"499","M50Cd","28","C","27.0677263079742","2.33335482739396","NP","light","M50Cd","M5"
"501","M50Cd","29","C","28.6492643912035","2.75536781857472","NP","light","M50Cd","M5"
"503","M50Cd","30","C","29.4528090001804","-0.163165617699726","NP","light","M50Cd","M5"
"505","M50Cd","31","C","30.3813722654428","2.67079688989662","NP","light","M50Cd","M5"
"507","M50Cd","32","C","31.3222323454124","2.7027913827172","NP","light","M50Cd","M5"
"509","M50Cd","33","C","32.4530714520948","1.21544503312535","NP","light","M50Cd","M5"
"511","M50Cd","34","C","33.1368289464696","-0.276558838139923","NP","light","M50Cd","M5"
"513","M601a","27","T1","26.4091111380301","0.460270626412608","NP","light","M601a","M6"
"515","M601a","28","T1","27.2908921911942","0.397767748838162","NP","light","M601a","M6"
"517","M601a","29","T1","28.5658202302162","0.681685244569","NP","light","M601a","M6"
"519","M601a","30","T1","29.3246835314754","0.476281138618765","NP","light","M601a","M6"
"521","M601a","31","T1","30.0994850693887","0.648317848837085","NP","light","M601a","M6"
"523","M601a","32","T1","31.3905793091626","0.933385621382085","NP","light","M601a","M6"
"525","M601a","33","T1","32.3902492150342","0.548722648412218","NP","light","M601a","M6"
"527","M601a","34","T1","33.2334472684661","0.150926777978644","NP","light","M601a","M6"
"529","M601b","27","T1","26.4463233202281","0.663930939071807","NP","light","M601b","M6"
"531","M601b","28","T1","27.2364953703601","0.751172284195031","NP","light","M601b","M6"
"533","M601b","29","T1","28.6647549491343","0.84386732039905","NP","light","M601b","M6"
"535","M601b","30","T1","29.3024863894885","0.191654648239159","NP","light","M601b","M6"
"537","M601b","31","T1","30.2721172779481","0.965872211100952","NP","light","M601b","M6"
"539","M601b","32","T1","31.3384850983525","0.863433541311783","NP","light","M601b","M6"
"541","M601b","33","T1","32.3340657883843","0.443292773850872","NP","light","M601b","M6"
"543","M601b","34","T1","32.9415923199533","-0.115837453532364","NP","light","M601b","M6"
"545","M601c","27","T1","26.3701292148205","0.544063103798425","NP","light","M601c","M6"
"547","M601c","28","T1","27.3261860745739","0.440438456359745","NP","light","M601c","M6"
"549","M601c","29","T1","28.2346082517606","0.960236339524118","NP","light","M601c","M6"
"551","M601c","30","T1","29.357736848897","0.518347570987825","NP","light","M601c","M6"
"553","M601c","31","T1","29.9536234982982","0.680128127246461","NP","light","M601c","M6"
"555","M601c","32","T1","31.1536551645031","0.130609465706417","NP","light","M601c","M6"
"557","M601c","33","T1","32.6118689834972","0.419443790746913","NP","light","M601c","M6"
"559","M601c","34","T1","33.1242835937514","0.0867529822292862","NP","light","M601c","M6"
"561","M601d","27","T1","26.404376357827","0.488190034091966","NP","light","M601d","M6"
"563","M601d","28","T1","27.1876258333165","0.525021387268194","NP","light","M601d","M6"
"565","M601d","29","T1","28.416156079239","0.755850896609801","NP","light","M601d","M6"
"567","M601d","30","T1","29.3770122169036","0.232654072592421","NP","light","M601d","M6"
"569","M601d","31","T1","29.9878270705161","0.431459376011494","NP","light","M601d","M6"
"571","M601d","32","T1","31.3316921307449","0.737366308833573","NP","light","M601d","M6"
"573","M601d","33","T1","32.4923747217784","0.467501158678903","NP","light","M601d","M6"
"575","M601d","34","T1","33.141505192698","0.0220304053962875","NP","light","M601d","M6"
"577","M602a","27","T2","26.4386680535246","0.409911100423975","NP","light","M602a","M6"
"579","M602a","28","T2","27.0775672503849","0.524480107096864","NP","light","M602a","M6"
"581","M602a","29","T2","28.6814330640611","0.531648214856457","NP","light","M602a","M6"
"583","M602a","30","T2","29.5719226640619","0.0437189134998662","NP","light","M602a","M6"
"585","M602a","31","T2","30.2448870538158","0.661247814651014","NP","light","M602a","M6"
"587","M602a","32","T2","31.3039489391866","0.55012620540368","NP","light","M602a","M6"
"589","M602a","33","T2","32.2924028988973","0.219405740090557","NP","light","M602a","M6"
"591","M602a","34","T2","33.1955256814175","-0.111797857624024","NP","light","M602a","M6"
"593","M602b","27","T2","26.3730032801691","0.32079337152669","NP","light","M602b","M6"
"595","M602b","28","T2","27.1637989740495","0.444140244341655","NP","light","M602b","M6"
"597","M602b","29","T2","28.4065573319922","0.56941277859023","NP","light","M602b","M6"
"599","M602b","30","T2","29.1996546410872","0.155706739782595","NP","light","M602b","M6"
"601","M602b","31","T2","30.422665325942","0.69831283667871","NP","light","M602b","M6"
"603","M602b","32","T2","31.3029472688274","0.608446219674898","NP","light","M602b","M6"
"605","M602b","33","T2","32.3445007452968","0.268622064652927","NP","light","M602b","M6"
"607","M602b","34","T2","33.0579068829069","-0.0723640346355348","NP","light","M602b","M6"
"609","M602c","27","T2","26.3797191897157","0.524468916989227","NP","light","M602c","M6"
"611","M602c","28","T2","27.2263183025153","0.527592024767594","NP","light","M602c","M6"
"613","M602c","29","T2","28.4968489113528","0.567319751439838","NP","light","M602c","M6"
"615","M602c","30","T2","29.337638797426","0.158441065332105","NP","light","M602c","M6"
"617","M602c","31","T2","30.0717824106075","0.259948791559094","NP","light","M602c","M6"
"619","M602c","32","T2","31.1782292066089","0.669730715705325","NP","light","M602c","M6"
"621","M602c","33","T2","32.3211307532395","0.225675094517772","NP","light","M602c","M6"
"623","M602c","34","T2","33.0796929238202","-0.207233688257745","NP","light","M602c","M6"
"625","M602d","27","T2","26.4387408532041","0.468997047178441","NP","light","M602d","M6"
"627","M602d","28","T2","27.3587423301075","0.450391829802768","NP","light","M602d","M6"
"629","M602d","29","T2","28.200610843005","0.342280444819182","NP","light","M602d","M6"
"631","M602d","30","T2","29.3855044123732","0.575597198102909","NP","light","M602d","M6"
"633","M602d","31","T2","29.9710565029869","0.681706234341291","NP","light","M602d","M6"
"635","M602d","32","T2","31.3972560944215","0.39638287410568","NP","light","M602d","M6"
"637","M602d","33","T2","32.3566830489982","0.362019086168059","NP","light","M602d","M6"
"639","M602d","34","T2","33.0867252952345","-0.137497719580233","NP","light","M602d","M6"
"641","M603a","27","T3","26.5051669804797","0.529891264509104","NP","light","M603a","M6"
"643","M603a","28","T3","27.2112134261555","0.421861051057067","NP","light","M603a","M6"
"645","M603a","29","T3","28.324333842992","0.732565870623137","NP","light","M603a","M6"
"647","M603a","30","T3","29.2507283967853","0.495055932295105","NP","light","M603a","M6"
"649","M603a","31","T3","30.0673061576533","0.580049598723418","NP","light","M603a","M6"
"651","M603a","32","T3","31.2882806773697","0.183834890925094","NP","light","M603a","M6"
"653","M603a","33","T3","32.5210901559364","0.391157229418272","NP","light","M603a","M6"
"655","M603a","34","T3","33.2154435860027","-0.01368741757176","NP","light","M603a","M6"
"657","M603b","27","T3","26.3761277227582","0.34626018825692","NP","light","M603b","M6"
"659","M603b","28","T3","27.0652822130901","0.399228655036588","NP","light","M603b","M6"
"661","M603b","29","T3","28.4551522563904","0.525040005488215","NP","light","M603b","M6"
"663","M603b","30","T3","29.2852647843875","0.134739179127301","NP","light","M603b","M6"
"665","M603b","31","T3","29.9460146420788","0.26971837516866","NP","light","M603b","M6"
"667","M603b","32","T3","31.3258088652429","0.682982720026717","NP","light","M603b","M6"
"669","M603b","33","T3","32.5113862672159","0.39838893970773","NP","light","M603b","M6"
"671","M603b","34","T3","33.0739855062204","-0.0239201082247644","NP","light","M603b","M6"
"673","M603c","27","T3","26.3052299396688","0.355377964805582","NP","light","M603c","M6"
"675","M603c","28","T3","27.1381796282167","0.478757759721752","NP","light","M603c","M6"
"677","M603c","29","T3","28.4165012730411","0.574902864959572","NP","light","M603c","M6"
"679","M603c","30","T3","29.1595222569894","0.0999956804217647","NP","light","M603c","M6"
"681","M603c","31","T3","30.3949064743803","0.628152203727594","NP","light","M603c","M6"
"683","M603c","32","T3","31.3725964120819","0.672236237980976","NP","light","M603c","M6"
"685","M603c","33","T3","32.4310353989241","0.339829024631876","NP","light","M603c","M6"
"687","M603c","34","T3","33.1213162158454","-0.119678574273654","NP","light","M603c","M6"
"689","M603d","27","T3","26.244059662098","0.509121837797112","NP","light","M603d","M6"
"691","M603d","28","T3","27.1821557099168","0.584014476718353","NP","light","M603d","M6"
"693","M603d","29","T3","28.2676361060787","0.609857927620447","NP","light","M603d","M6"
"695","M603d","30","T3","28.8661316635948","0.732579815412669","NP","light","M603d","M6"
"697","M603d","31","T3","30.4942719205066","0.802720684146692","NP","light","M603d","M6"
"699","M603d","32","T3","31.2143590336926","0.684860872002676","NP","light","M603d","M6"
"701","M603d","33","T3","32.528467092317","0.186939305794622","NP","light","M603d","M6"
"703","M603d","34","T3","32.9519028275085","-0.0432426485074476","NP","light","M603d","M6"
"705","M60Ca","27","C","26.2911803685456","0.352355267819257","NP","light","M60Ca","M6"
"707","M60Ca","28","C","27.1342133902508","0.533501690166352","NP","light","M60Ca","M6"
"709","M60Ca","29","C","28.4495996136063","0.601766607043311","NP","light","M60Ca","M6"
"711","M60Ca","30","C","29.1851499780167","0.122368107319704","NP","light","M60Ca","M6"
"713","M60Ca","31","C","30.3514694035342","0.759320085772846","NP","light","M60Ca","M6"
"715","M60Ca","32","C","31.3858031409851","0.684099618318302","NP","light","M60Ca","M6"
"717","M60Ca","33","C","32.4274893279402","0.220361593224487","NP","light","M60Ca","M6"
"719","M60Ca","34","C","33.1069602829728","-0.121755419465743","NP","light","M60Ca","M6"
"721","M60Cb","27","C","26.2849802486286","0.494462715467087","NP","light","M60Cb","M6"
"723","M60Cb","28","C","27.3714548364102","0.43381713691531","NP","light","M60Cb","M6"
"725","M60Cb","29","C","28.307665674201","0.629119788270752","NP","light","M60Cb","M6"
"727","M60Cb","30","C","29.4009919517433","0.528071937454373","NP","light","M60Cb","M6"
"729","M60Cb","31","C","30.024112860596","0.613756495956069","NP","light","M60Cb","M6"
"731","M60Cb","32","C","31.3580459930526","0.130665912608111","NP","light","M60Cb","M6"
"733","M60Cb","33","C","32.3593027292841","0.327425606430124","NP","light","M60Cb","M6"
"735","M60Cb","34","C","33.1798002567905","0.0187064799183609","NP","light","M60Cb","M6"
"737","M60Cc","27","C","26.3959686449834","0.379942136641607","NP","light","M60Cc","M6"
"739","M60Cc","28","C","27.1611240123872","0.457770061056765","NP","light","M60Cc","M6"
"741","M60Cc","29","C","28.8062905436955","0.640090495076109","NP","light","M60Cc","M6"
"743","M60Cc","30","C","29.3399363070542","0.189320791158744","NP","light","M60Cc","M6"
"745","M60Cc","31","C","29.8840184670049","0.271801104633281","NP","light","M60Cc","M6"
"747","M60Cc","32","C","31.4748659081439","0.669022716540719","NP","light","M60Cc","M6"
"749","M60Cc","33","C","32.5039217076853","0.337348472188536","NP","light","M60Cc","M6"
"751","M60Cc","34","C","32.9850579179546","-0.203860065246623","NP","light","M60Cc","M6"
"753","M60Cd","27","C","26.4661271147234","0.456488980665965","NP","light","M60Cd","M6"
"755","M60Cd","28","C","27.2167534953886","0.505096050058579","NP","light","M60Cd","M6"
"757","M60Cd","29","C","28.473987249207","0.669910582939229","NP","light","M60Cd","M6"
"759","M60Cd","30","C","29.2791743504362","0.218887922560373","NP","light","M60Cd","M6"
"761","M60Cd","31","C","30.012127735287","0.303254051090946","NP","light","M60Cd","M6"
"763","M60Cd","32","C","31.2046701321057","0.718655062887148","NP","light","M60Cd","M6"
"765","M60Cd","33","C","32.4431471219356","0.382716151275488","NP","light","M60Cd","M6"
"767","M60Cd","34","C","33.2652273091151","-0.0886677475634402","NP","light","M60Cd","M6"
"2","K201a","27","T1","26.3877169337702","-0.424067001145427","R","dark","K201a","K2"
"4","K201a","28","T1","27.0632922863888","-0.473975971992149","R","dark","K201a","K2"
"6","K201a","29","T1","28.3314465758289","-0.450002316132246","R","dark","K201a","K2"
"8","K201a","30","T1","29.2207252416584","-0.523097008933316","R","dark","K201a","K2"
"10","K201a","31","T1","30.0750906828873","-0.476526511097107","R","dark","K201a","K2"
"12","K201a","32","T1","31.4363161749944","-0.57519401658206","R","dark","K201a","K2"
"14","K201a","33","T1","32.5001135409146","-0.54746682784841","R","dark","K201a","K2"
"16","K201a","34","T1","33.0225342183852","-0.487635383759322","R","dark","K201a","K2"
"18","K201b","27","T1","26.3752172837655","-0.440743930575556","R","dark","K201b","K2"
"20","K201b","28","T1","27.3034906538746","-0.443637931781775","R","dark","K201b","K2"
"22","K201b","29","T1","28.1980837218046","-0.394691560728379","R","dark","K201b","K2"
"24","K201b","30","T1","29.3666864005021","-0.50525199974627","R","dark","K201b","K2"
"26","K201b","31","T1","30.1664829308332","-0.530401043461648","R","dark","K201b","K2"
"28","K201b","32","T1","31.2732688494144","-0.4610924880944","R","dark","K201b","K2"
"30","K201b","33","T1","32.6050437636282","-0.510523342455754","R","dark","K201b","K2"
"32","K201b","34","T1","33.247290973253","-0.474471053488012","R","dark","K201b","K2"
"34","K201c","27","T1","26.3867357421998","-0.406892379158616","R","dark","K201c","K2"
"36","K201c","28","T1","27.2911652270594","-0.413620772923757","R","dark","K201c","K2"
"38","K201c","29","T1","28.4109226432459","-0.463098913060744","R","dark","K201c","K2"
"40","K201c","30","T1","29.4070309658375","-0.462109892542034","R","dark","K201c","K2"
"42","K201c","31","T1","30.5739606553073","-0.561775773500582","R","dark","K201c","K2"
"44","K201c","32","T1","31.4346902117423","-0.534684647961047","R","dark","K201c","K2"
"46","K201c","33","T1","32.3948146241249","-0.478444157589883","R","dark","K201c","K2"
"48","K201c","34","T1","33.199429112398","-0.410245910732882","R","dark","K201c","K2"
"50","K201d","27","T1","26.393124390498","-0.394142849296407","R","dark","K201d","K2"
"52","K201d","28","T1","27.2313670402145","-0.482680592046257","R","dark","K201d","K2"
"54","K201d","29","T1","28.2475174817225","-0.508805346512574","R","dark","K201d","K2"
"56","K201d","30","T1","29.510829220909","-0.348410870204927","R","dark","K201d","K2"
"58","K201d","31","T1","30.0016657592392","-0.566082748162417","R","dark","K201d","K2"
"60","K201d","32","T1","31.3566382941036","-0.498594860602665","R","dark","K201d","K2"
"62","K201d","33","T1","32.5793994028872","-0.559392765643077","R","dark","K201d","K2"
"64","K201d","34","T1","33.2788344451396","-0.405800471424803","R","dark","K201d","K2"
"66","K202a","27","T2","26.4092710342422","-0.443181796238488","R","dark","K202a","K2"
"68","K202a","28","T2","27.1028350575794","-0.503080575714016","R","dark","K202a","K2"
"70","K202a","29","T2","28.262123727889","-0.472985480595806","R","dark","K202a","K2"
"72","K202a","30","T2","29.3392189660994","-0.494450184832999","R","dark","K202a","K2"
"74","K202a","31","T2","30.0571023368051","-0.598064600851104","R","dark","K202a","K2"
"76","K202a","32","T2","31.4421887501648","-0.548938119122022","R","dark","K202a","K2"
"78","K202a","33","T2","32.3333257590354","-0.610175146419132","R","dark","K202a","K2"
"80","K202a","34","T2","33.0518404179587","-0.433758282938043","R","dark","K202a","K2"
"82","K202b","27","T2","26.3942411825381","-0.36404742222275","R","dark","K202b","K2"
"84","K202b","28","T2","27.1934535634949","-0.384398009196476","R","dark","K202b","K2"
"86","K202b","29","T2","28.2734653424202","-0.405094430340088","R","dark","K202b","K2"
"88","K202b","30","T2","29.3394117141119","-0.469395813776012","R","dark","K202b","K2"
"90","K202b","31","T2","30.1087050259101","-0.403624115296991","R","dark","K202b","K2"
"92","K202b","32","T2","31.3100167784105","-0.435413866180107","R","dark","K202b","K2"
"94","K202b","33","T2","32.483190246206","-0.467941946896362","R","dark","K202b","K2"
"96","K202b","34","T2","33.1751752411207","-0.300086503781107","R","dark","K202b","K2"
"98","K202c","27","T2","26.3866903410986","-0.423085583397992","R","dark","K202c","K2"
"100","K202c","28","T2","27.078178480669","-0.403493512202705","R","dark","K202c","K2"
"102","K202c","29","T2","28.2323182067236","-0.435619120554746","R","dark","K202c","K2"
"104","K202c","30","T2","29.0870154171416","-0.44031982423421","R","dark","K202c","K2"
"106","K202c","31","T2","30.4221791985611","-0.588932168605154","R","dark","K202c","K2"
"108","K202c","32","T2","31.3506593277413","-0.378270483739637","R","dark","K202c","K2"
"110","K202c","33","T2","32.4975356747799","-0.441669152450819","R","dark","K202c","K2"
"112","K202c","34","T2","33.2095080591304","-0.390334726990799","R","dark","K202c","K2"
"114","K202d","27","T2","26.2962304671643","-0.405260448108899","R","dark","K202d","K2"
"116","K202d","28","T2","27.3077752124813","-0.439298706514647","R","dark","K202d","K2"
"118","K202d","29","T2","28.5501396715566","-0.469484299164423","R","dark","K202d","K2"
"120","K202d","30","T2","29.2994002803153","-0.55148402891292","R","dark","K202d","K2"
"122","K202d","31","T2","30.007534856465","-0.544795128538349","R","dark","K202d","K2"
"124","K202d","32","T2","31.4500809633122","-0.585281652011054","R","dark","K202d","K2"
"126","K202d","33","T2","32.4353684498518","-0.529720277458743","R","dark","K202d","K2"
"128","K202d","34","T2","33.1249675296596","-0.474521485782178","R","dark","K202d","K2"
"130","K203a","27","T3","26.4007386948596","-0.387159168212678","R","dark","K203a","K2"
"132","K203a","28","T3","27.1785109113861","-0.415694305959696","R","dark","K203a","K2"
"134","K203a","29","T3","28.2982002209693","-0.448665963391597","R","dark","K203a","K2"
"136","K203a","30","T3","29.3021256812379","-0.531159514377544","R","dark","K203a","K2"
"138","K203a","31","T3","30.5174302450644","-0.596923414613518","R","dark","K203a","K2"
"140","K203a","32","T3","31.4424936926557","-0.551773739089597","R","dark","K203a","K2"
"142","K203a","33","T3","32.4621031199583","-0.454624269700074","R","dark","K203a","K2"
"144","K203a","34","T3","33.1338410649032","-0.454638324124026","R","dark","K203a","K2"
"146","K203b","27","T3","26.3013809844891","-0.451576325791093","R","dark","K203b","K2"
"148","K203b","28","T3","27.0271511081974","-0.534635550081116","R","dark","K203b","K2"
"150","K203b","29","T3","28.4252905856308","-0.496755169239661","R","dark","K203b","K2"
"152","K203b","30","T3","29.2775158850759","-0.485659378088699","R","dark","K203b","K2"
"154","K203b","31","T3","30.4907631867553","-0.617722652837759","R","dark","K203b","K2"
"156","K203b","32","T3","31.32148815268","-0.628694880580639","R","dark","K203b","K2"
"158","K203b","33","T3","32.406735913337","-0.51629909930389","R","dark","K203b","K2"
"160","K203b","34","T3","33.0854013299374","-0.416698996743563","R","dark","K203b","K2"
"162","K203c","27","T3","26.2991301762938","-0.367369443776802","R","dark","K203c","K2"
"164","K203c","28","T3","27.2315520271555","-0.404040165428603","R","dark","K203c","K2"
"166","K203c","29","T3","28.2724212658179","-0.383485555457507","R","dark","K203c","K2"
"168","K203c","30","T3","29.4387837084359","-0.44312722324723","R","dark","K203c","K2"
"170","K203c","31","T3","30.083893569748","-0.512757403115181","R","dark","K203c","K2"
"172","K203c","32","T3","31.2909715015173","-0.462723106827235","R","dark","K203c","K2"
"174","K203c","33","T3","32.5464860679284","-0.436319711409649","R","dark","K203c","K2"
"176","K203c","34","T3","33.2010890683704","-0.354136982730599","R","dark","K203c","K2"
"178","K203d","27","T3","26.4355021072155","-0.325051073610989","R","dark","K203d","K2"
"180","K203d","28","T3","27.268513388574","-0.400487028597693","R","dark","K203d","K2"
"182","K203d","29","T3","28.2372501472335","-0.410143055670777","R","dark","K203d","K2"
"184","K203d","30","T3","29.3901909160749","-0.445452109188186","R","dark","K203d","K2"
"186","K203d","31","T3","30.1572280148757","-0.501905922312946","R","dark","K203d","K2"
"188","K203d","32","T3","31.3722421845398","-0.422768819658197","R","dark","K203d","K2"
"190","K203d","33","T3","32.4851980973837","-0.510342595798578","R","dark","K203d","K2"
"192","K203d","34","T3","33.1236740840943","-0.342811607242551","R","dark","K203d","K2"
"194","K20Ca","27","C","26.3251612467956","-0.46162061353219","R","dark","K20Ca","K2"
"196","K20Ca","28","C","27.2105407629287","-0.409534086028408","R","dark","K20Ca","K2"
"198","K20Ca","29","C","28.2841603179914","-0.560205271215685","R","dark","K20Ca","K2"
"200","K20Ca","30","C","29.268247403179","-0.543081201435534","R","dark","K20Ca","K2"
"202","K20Ca","31","C","30.0864988267387","-0.613893551415318","R","dark","K20Ca","K2"
"204","K20Ca","32","C","31.3154428278761","-0.52557860770545","R","dark","K20Ca","K2"
"206","K20Ca","33","C","32.5045620874548","-0.543998096901465","R","dark","K20Ca","K2"
"208","K20Ca","34","C","33.1371637246265","-0.437295511640377","R","dark","K20Ca","K2"
"210","K20Cb","27","C","26.2313822812962","-0.377236610170138","R","dark","K20Cb","K2"
"212","K20Cb","28","C","27.1012883715446","-0.33868271763293","R","dark","K20Cb","K2"
"214","K20Cb","29","C","28.3041600448633","-0.359734900355182","R","dark","K20Cb","K2"
"216","K20Cb","30","C","29.1459753208532","-0.281619789450394","R","dark","K20Cb","K2"
"218","K20Cb","31","C","30.1629004767975","-0.397465611644303","R","dark","K20Cb","K2"
"220","K20Cb","32","C","31.3529876522742","-0.392030534621267","R","dark","K20Cb","K2"
"222","K20Cb","33","C","32.4602426286357","-0.346683798705956","R","dark","K20Cb","K2"
"224","K20Cb","34","C","33.0773466936257","-0.372996834375354","R","dark","K20Cb","K2"
"226","K20Cc","27","C","26.4272777813423","-0.451064474791656","R","dark","K20Cc","K2"
"228","K20Cc","28","C","27.1735817511969","-0.486902896429066","R","dark","K20Cc","K2"
"230","K20Cc","29","C","28.3039885670537","-0.478332350217684","R","dark","K20Cc","K2"
"232","K20Cc","30","C","29.3880341138631","-0.495637947280352","R","dark","K20Cc","K2"
"234","K20Cc","31","C","30.5486425394299","-0.571805984791642","R","dark","K20Cc","K2"
"236","K20Cc","32","C","31.3437570354431","-0.496683465451656","R","dark","K20Cc","K2"
"238","K20Cc","33","C","32.4601484168529","-0.449205613174445","R","dark","K20Cc","K2"
"240","K20Cc","34","C","33.0862295812247","-0.494848359381489","R","dark","K20Cc","K2"
"242","K20Cd","27","C","26.3066265318413","-0.410567710884947","R","dark","K20Cd","K2"
"244","K20Cd","28","C","27.2526176103284","-0.461629496028577","R","dark","K20Cd","K2"
"246","K20Cd","29","C","28.1598568686046","-0.467711726172022","R","dark","K20Cd","K2"
"248","K20Cd","30","C","29.3425299190237","-0.444612631517605","R","dark","K20Cd","K2"
"250","K20Cd","31","C","30.1003735916667","-0.548492235443972","R","dark","K20Cd","K2"
"252","K20Cd","32","C","31.4001221679487","-0.473274140455291","R","dark","K20Cd","K2"
"254","K20Cd","33","C","32.5816104816509","-0.569174157548163","R","dark","K20Cd","K2"
"256","K20Cd","34","C","33.1404287140541","-0.392268137729483","R","dark","K20Cd","K2"
"258","M501a","27","T1","26.3189840399056","-0.416538371787141","R","dark","M501a","M5"
"260","M501a","28","T1","27.1839285959416","-0.491851670197912","R","dark","M501a","M5"
"262","M501a","29","T1","28.2694799758384","-0.432612297660773","R","dark","M501a","M5"
"264","M501a","30","T1","29.2796510183586","-0.480770887901241","R","dark","M501a","M5"
"266","M501a","31","T1","30.4815092383062","-0.541499724541461","R","dark","M501a","M5"
"268","M501a","32","T1","31.3595908227999","-0.551774142182478","R","dark","M501a","M5"
"270","M501a","33","T1","32.3774037672475","-0.494924439362453","R","dark","M501a","M5"
"272","M501a","34","T1","33.2107629815019","-0.37392058500686","R","dark","M501a","M5"
"274","M501b","27","T1","26.3177882424195","-0.406249631085471","R","dark","M501b","M5"
"276","M501b","28","T1","27.1650241492715","-0.42714107465297","R","dark","M501b","M5"
"278","M501b","29","T1","28.346770135027","-0.420430359615547","R","dark","M501b","M5"
"280","M501b","30","T1","29.3423471274118","-0.517355886189573","R","dark","M501b","M5"
"282","M501b","31","T1","30.5020141393804","-0.58354734463746","R","dark","M501b","M5"
"284","M501b","32","T1","31.3160762109757","-0.619248013579314","R","dark","M501b","M5"
"286","M501b","33","T1","32.4841966004466","-0.445387490531714","R","dark","M501b","M5"
"288","M501b","34","T1","33.0297937564329","-0.444933949652165","R","dark","M501b","M5"
"290","M501c","27","T1","26.4596620255916","-0.439064992689928","R","dark","M501c","M5"
"292","M501c","28","T1","27.1119710049568","-0.537745100622568","R","dark","M501c","M5"
"294","M501c","29","T1","28.266736782971","-0.555671809778697","R","dark","M501c","M5"
"296","M501c","30","T1","29.1444895991316","-0.530463696479546","R","dark","M501c","M5"
"298","M501c","31","T1","30.3606231637222","-0.510553040565759","R","dark","M501c","M5"
"300","M501c","32","T1","31.343827910788","-0.509454072584678","R","dark","M501c","M5"
"302","M501c","33","T1","32.3447382486806","-0.45737537962781","R","dark","M501c","M5"
"304","M501c","34","T1","33.0485026296763","-0.458826007283266","R","dark","M501c","M5"
"306","M501d","27","T1","26.4256002469083","-0.396312344829145","R","dark","M501d","M5"
"308","M501d","28","T1","27.0523799152591","-0.494497039354785","R","dark","M501d","M5"
"310","M501d","29","T1","28.1342266310982","-0.471799198277236","R","dark","M501d","M5"
"312","M501d","30","T1","29.1557287940093","-0.583693234390634","R","dark","M501d","M5"
"314","M501d","31","T1","30.4019680222202","-0.617909381629819","R","dark","M501d","M5"
"316","M501d","32","T1","31.2619323796477","-0.565269360711231","R","dark","M501d","M5"
"318","M501d","33","T1","32.5160033170276","-0.42639466482052","R","dark","M501d","M5"
"320","M501d","34","T1","33.0722432766052","-0.495988178342187","R","dark","M501d","M5"
"322","M502a","27","T2","26.3214363781492","-0.445027073588664","R","dark","M502a","M5"
"324","M502a","28","T2","27.3120348823227","-0.488282443635652","R","dark","M502a","M5"
"326","M502a","29","T2","28.1778485230677","-0.574959468371491","R","dark","M502a","M5"
"328","M502a","30","T2","29.3522550229738","-0.583631468372487","R","dark","M502a","M5"
"330","M502a","31","T2","29.9682578150787","-0.687781548343567","R","dark","M502a","M5"
"332","M502a","32","T2","31.4094820551127","-0.480554638628867","R","dark","M502a","M5"
"334","M502a","33","T2","32.4861534553864","-0.464388610095011","R","dark","M502a","M5"
"336","M502a","34","T2","33.2263035538469","-0.348019265365023","R","dark","M502a","M5"
"338","M502b","27","T2","26.3460291166508","-0.395027087254799","R","dark","M502b","M5"
"340","M502b","28","T2","27.1062617686737","-0.460522906577626","R","dark","M502b","M5"
"342","M502b","29","T2","28.2502142819387","-0.441864116873835","R","dark","M502b","M5"
"344","M502b","30","T2","29.4253861558358","-0.47430636043985","R","dark","M502b","M5"
"346","M502b","31","T2","30.3619440140888","-0.620016020672705","R","dark","M502b","M5"
"348","M502b","32","T2","31.3379627460547","-0.481327060561842","R","dark","M502b","M5"
"350","M502b","33","T2","32.389714739214","-0.431051169682553","R","dark","M502b","M5"
"352","M502b","34","T2","33.0756019774966","-0.375091664500484","R","dark","M502b","M5"
"354","M502c","27","T2","26.4301941673074","-0.388305188047965","R","dark","M502c","M5"
"356","M502c","28","T2","27.0585674202724","-0.387825103389127","R","dark","M502c","M5"
"358","M502c","29","T2","28.417574975549","-0.39650916051771","R","dark","M502c","M5"
"360","M502c","30","T2","29.2408200678468","-0.45489444930493","R","dark","M502c","M5"
"362","M502c","31","T2","30.3872536717567","-0.463363362763996","R","dark","M502c","M5"
"364","M502c","32","T2","31.2978727340067","-0.48163183756616","R","dark","M502c","M5"
"366","M502c","33","T2","32.394935840651","-0.343805964713272","R","dark","M502c","M5"
"368","M502c","34","T2","33.2118350793945","-0.292674382394666","R","dark","M502c","M5"
"370","M502d","27","T2","26.252585820354","-0.420209362508029","R","dark","M502d","M5"
"372","M502d","28","T2","27.1264658475401","-0.430202712248957","R","dark","M502d","M5"
"374","M502d","29","T2","28.3175261798175","-0.386486383843448","R","dark","M502d","M5"
"376","M502d","30","T2","29.0680300970031","-0.550642727541727","R","dark","M502d","M5"
"378","M502d","31","T2","30.2103255936477","-0.589940237905343","R","dark","M502d","M5"
"380","M502d","32","T2","31.2779380973097","-0.5039783598144","R","dark","M502d","M5"
"382","M502d","33","T2","32.4668706426429","-0.410324017193689","R","dark","M502d","M5"
"384","M502d","34","T2","33.0905258431214","-0.324848135599412","R","dark","M502d","M5"
"386","M503a","27","T3","26.3551517491082","-0.408480536613587","R","dark","M503a","M5"
"388","M503a","28","T3","27.1413248405781","-0.476002193396115","R","dark","M503a","M5"
"390","M503a","29","T3","28.4390828856977","-0.451901487513878","R","dark","M503a","M5"
"392","M503a","30","T3","29.2815081649065","-0.332009417351422","R","dark","M503a","M5"
"394","M503a","31","T3","30.3750206136314","-0.60826819943762","R","dark","M503a","M5"
"396","M503a","32","T3","31.3842343249402","-0.502779242011939","R","dark","M503a","M5"
"398","M503a","33","T3","32.4173841488585","-0.393803179662118","R","dark","M503a","M5"
"400","M503a","34","T3","33.1829513835817","-0.297237673089529","R","dark","M503a","M5"
"402","M503b","27","T3","26.3047221429217","-0.440466264006898","R","dark","M503b","M5"
"404","M503b","28","T3","27.1039988487655","-0.480640077978169","R","dark","M503b","M5"
"406","M503b","29","T3","28.22087383606","-0.472449506199822","R","dark","M503b","M5"
"408","M503b","30","T3","29.0744828016339","-0.448237986303674","R","dark","M503b","M5"
"410","M503b","31","T3","30.3420691215655","-0.59970434541109","R","dark","M503b","M5"
"412","M503b","32","T3","31.4120252824202","-0.364337437006103","R","dark","M503b","M5"
"414","M503b","33","T3","32.4242573014621","-0.406828917922073","R","dark","M503b","M5"
"416","M503b","34","T3","33.0660797763909","-0.369298130029368","R","dark","M503b","M5"
"418","M503c","27","T3","26.3646697120086","-0.34042114277933","R","dark","M503c","M5"
"420","M503c","28","T3","27.1852502927488","-0.405999246835385","R","dark","M503c","M5"
"422","M503c","29","T3","28.4532898077712","-0.443718576639929","R","dark","M503c","M5"
"424","M503c","30","T3","29.3720332390693","-0.474230632277412","R","dark","M503c","M5"
"426","M503c","31","T3","30.0197377789339","-0.543131798562259","R","dark","M503c","M5"
"428","M503c","32","T3","31.29890924301","-0.399929399311149","R","dark","M503c","M5"
"430","M503c","33","T3","32.4371418631864","-0.349876695217161","R","dark","M503c","M5"
"432","M503c","34","T3","33.132037591191","-0.31643648801807","R","dark","M503c","M5"
"434","M503d","27","T3","26.4170695533294","-0.413291220493913","R","dark","M503d","M5"
"436","M503d","28","T3","27.1427366369844","-0.532718465231887","R","dark","M503d","M5"
"438","M503d","29","T3","28.499632286587","-0.484979860776676","R","dark","M503d","M5"
"440","M503d","30","T3","29.3358925333964","-0.519539624419483","R","dark","M503d","M5"
"442","M503d","31","T3","30.0685163336557","-0.539942878897211","R","dark","M503d","M5"
"444","M503d","32","T3","31.4118951589583","-0.497457841017219","R","dark","M503d","M5"
"446","M503d","33","T3","32.4897929313139","-0.458199532688576","R","dark","M503d","M5"
"448","M503d","34","T3","33.2623610511701","-0.347694033324906","R","dark","M503d","M5"
"450","M50Ca","27","C","26.4177525485352","-0.498883033128241","R","dark","M50Ca","M5"
"452","M50Ca","28","C","27.1631434633333","-0.576505411126658","R","dark","M50Ca","M5"
"454","M50Ca","29","C","28.4325229050446","-0.536621856671779","R","dark","M50Ca","M5"
"456","M50Ca","30","C","29.2718472134396","-0.701750358450522","R","dark","M50Ca","M5"
"458","M50Ca","31","C","30.1758415772562","-0.636907195177381","R","dark","M50Ca","M5"
"460","M50Ca","32","C","31.3523077189721","-0.512933018935352","R","dark","M50Ca","M5"
"462","M50Ca","33","C","32.3797328507714","-0.442865176136203","R","dark","M50Ca","M5"
"464","M50Ca","34","C","33.177066050074","-0.353359559741473","R","dark","M50Ca","M5"
"466","M50Cb","27","C","26.3848314027299","-0.478604832701291","R","dark","M50Cb","M5"
"468","M50Cb","28","C","27.2131199568459","-0.509448740128636","R","dark","M50Cb","M5"
"470","M50Cb","29","C","28.3153981885984","-0.562430231193831","R","dark","M50Cb","M5"
"472","M50Cb","30","C","29.0344706801685","-0.630812773742672","R","dark","M50Cb","M5"
"474","M50Cb","31","C","30.4768394820992","-0.628480931889794","R","dark","M50Cb","M5"
"476","M50Cb","32","C","31.28249175293","-0.570206914674336","R","dark","M50Cb","M5"
"478","M50Cb","33","C","32.2907615096664","-0.460942467187731","R","dark","M50Cb","M5"
"480","M50Cb","34","C","33.1826769089327","-0.393423280363503","R","dark","M50Cb","M5"
"482","M50Cc","27","C","26.4009792721002","-0.365832164361314","R","dark","M50Cc","M5"
"484","M50Cc","28","C","27.1522399762393","-0.486257209413595","R","dark","M50Cc","M5"
"486","M50Cc","29","C","28.4917189399874","-0.537697461177532","R","dark","M50Cc","M5"
"488","M50Cc","30","C","29.3226863291437","-0.512011127882281","R","dark","M50Cc","M5"
"490","M50Cc","31","C","30.3789721025306","-0.586566646200509","R","dark","M50Cc","M5"
"492","M50Cc","32","C","31.2800920103166","-0.535886432110872","R","dark","M50Cc","M5"
"494","M50Cc","33","C","32.4340267278328","-0.45280415601415","R","dark","M50Cc","M5"
"496","M50Cc","34","C","33.1648888061405","-0.329939938166247","R","dark","M50Cc","M5"
"498","M50Cd","27","C","26.4868252113361","-2.32271700870944","R","dark","M50Cd","M5"
"500","M50Cd","28","C","27.1432168260692","-2.07400367499389","R","dark","M50Cd","M5"
"502","M50Cd","29","C","28.4803038513695","-2.24182267881927","R","dark","M50Cd","M5"
"504","M50Cd","30","C","29.3594028876714","-2.2504555152062","R","dark","M50Cd","M5"
"506","M50Cd","31","C","30.4694694982502","-2.14872298050256","R","dark","M50Cd","M5"
"508","M50Cd","32","C","31.3512583863941","-2.25651695826419","R","dark","M50Cd","M5"
"510","M50Cd","33","C","32.4599164951906","-1.86282784507087","R","dark","M50Cd","M5"
"512","M50Cd","34","C","33.1970454255901","-1.3591477941215","R","dark","M50Cd","M5"
"514","M601a","27","T1","26.3472605452662","-0.363419667507827","R","dark","M601a","M6"
"516","M601a","28","T1","27.1951611158411","-0.422242704813272","R","dark","M601a","M6"
"518","M601a","29","T1","28.5463214028983","-0.406690376721294","R","dark","M601a","M6"
"520","M601a","30","T1","29.3551595824621","-0.50981207494035","R","dark","M601a","M6"
"522","M601a","31","T1","30.1507398127162","-0.487607522995854","R","dark","M601a","M6"
"524","M601a","32","T1","31.3687362032486","-0.477141755105081","R","dark","M601a","M6"
"526","M601a","33","T1","32.3631784056543","-0.463218457328172","R","dark","M601a","M6"
"528","M601a","34","T1","33.2266068586871","-0.317234974186483","R","dark","M601a","M6"
"530","M601b","27","T1","26.4083690118702","-0.457893394229708","R","dark","M601b","M6"
"532","M601b","28","T1","27.2177308755673","-0.555501667273584","R","dark","M601b","M6"
"534","M601b","29","T1","28.4398230119323","-0.604093313787473","R","dark","M601b","M6"
"536","M601b","30","T1","29.3194364639338","-0.50454252688544","R","dark","M601b","M6"
"538","M601b","31","T1","30.3066822161658","-0.603252883752644","R","dark","M601b","M6"
"540","M601b","32","T1","31.3866597794924","-0.532022166448709","R","dark","M601b","M6"
"542","M601b","33","T1","32.3448490032658","-0.494776884099744","R","dark","M601b","M6"
"544","M601b","34","T1","33.0466686850697","-0.452715343585307","R","dark","M601b","M6"
"546","M601c","27","T1","26.3158866071802","-0.37713789419812","R","dark","M601c","M6"
"548","M601c","28","T1","27.2447361580744","-0.457697501367779","R","dark","M601c","M6"
"550","M601c","29","T1","28.1478494013736","-0.493781856095574","R","dark","M601c","M6"
"552","M601c","30","T1","29.3641813103522","-0.559251353909386","R","dark","M601c","M6"
"554","M601c","31","T1","30.0610925720413","-0.563515309502007","R","dark","M601c","M6"
"556","M601c","32","T1","31.2417137396975","-0.561626014982132","R","dark","M601c","M6"
"558","M601c","33","T1","32.5023794577308","-0.408554424348252","R","dark","M601c","M6"
"560","M601c","34","T1","33.13450154812","-0.223052380412842","R","dark","M601c","M6"
"562","M601d","27","T1","26.3228962775413","-0.355300849491446","R","dark","M601d","M6"
"564","M601d","28","T1","27.1595572705292","-0.403593980172407","R","dark","M601d","M6"
"566","M601d","29","T1","28.408263786646","-0.405437754380185","R","dark","M601d","M6"
"568","M601d","30","T1","29.3247597235497","-0.467144247214364","R","dark","M601d","M6"
"570","M601d","31","T1","30.0054839454282","-0.465824088261634","R","dark","M601d","M6"
"572","M601d","32","T1","31.3482788853965","-0.447238309225948","R","dark","M601d","M6"
"574","M601d","33","T1","32.4410991055058","-0.314836574494683","R","dark","M601d","M6"
"576","M601d","34","T1","33.1504738898839","-0.251238787772566","R","dark","M601d","M6"
"578","M602a","27","T2","26.4027452675652","-0.461592657587031","R","dark","M602a","M6"
"580","M602a","28","T2","27.1031222966847","-0.45736837182981","R","dark","M602a","M6"
"582","M602a","29","T2","28.479526172917","-0.441785343338204","R","dark","M602a","M6"
"584","M602a","30","T2","29.4487470453139","-0.40474133432508","R","dark","M602a","M6"
"586","M602a","31","T2","30.3862352612965","-0.449963693836285","R","dark","M602a","M6"
"588","M602a","32","T2","31.3374701941157","-0.377216672833469","R","dark","M602a","M6"
"590","M602a","33","T2","32.3442191581077","-0.349992586435311","R","dark","M602a","M6"
"592","M602a","34","T2","33.20591175381","-0.317196164552165","R","dark","M602a","M6"
"594","M602b","27","T2","26.3352096645678","-0.3595398685553","R","dark","M602b","M6"
"596","M602b","28","T2","27.1613365586137","-0.383536764156355","R","dark","M602b","M6"
"598","M602b","29","T2","28.3177138423023","-0.398695812167035","R","dark","M602b","M6"
"600","M602b","30","T2","29.2244729131822","-0.340438330812236","R","dark","M602b","M6"
"602","M602b","31","T2","30.4234349169455","-0.475173083927166","R","dark","M602b","M6"
"604","M602b","32","T2","31.339087275839","-0.444469829855268","R","dark","M602b","M6"
"606","M602b","33","T2","32.3412355383216","-0.363062916477211","R","dark","M602b","M6"
"608","M602b","34","T2","33.0880510923155","-0.322187585790919","R","dark","M602b","M6"
"610","M602c","27","T2","26.3097436674857","-0.399207876343948","R","dark","M602c","M6"
"612","M602c","28","T2","27.133963905836","-0.496870145457442","R","dark","M602c","M6"
"614","M602c","29","T2","28.4890890769365","-0.536706055332698","R","dark","M602c","M6"
"616","M602c","30","T2","29.2843533345317","-0.496401957556341","R","dark","M602c","M6"
"618","M602c","31","T2","30.0694228293409","-0.517309166546697","R","dark","M602c","M6"
"620","M602c","32","T2","31.2451491128016","-0.501683457368975","R","dark","M602c","M6"
"622","M602c","33","T2","32.3295393597204","-0.382088415747233","R","dark","M602c","M6"
"624","M602c","34","T2","33.1079897534661","-0.422913952134507","R","dark","M602c","M6"
"626","M602d","27","T2","26.4062715555929","-0.419678158706462","R","dark","M602d","M6"
"628","M602d","28","T2","27.2931838854901","-0.374415961676007","R","dark","M602d","M6"
"630","M602d","29","T2","28.2043792598123","-0.436978665136914","R","dark","M602d","M6"
"632","M602d","30","T2","29.3522443666662","-0.460820004537963","R","dark","M602d","M6"
"634","M602d","31","T2","30.0198849652513","-0.468484404109795","R","dark","M602d","M6"
"636","M602d","32","T2","31.4459443629599","-0.473329398638313","R","dark","M602d","M6"
"638","M602d","33","T2","32.4561417897226","-0.483477005542352","R","dark","M602d","M6"
"640","M602d","34","T2","33.1730159769169","-0.352023130765496","R","dark","M602d","M6"
"642","M603a","27","T3","26.4344961509287","-0.377079522057676","R","dark","M603a","M6"
"644","M603a","28","T3","27.1413535805815","-0.473666865927627","R","dark","M603a","M6"
"646","M603a","29","T3","28.2239719850446","-0.397511841432907","R","dark","M603a","M6"
"648","M603a","30","T3","29.2897391285805","-0.542728051765225","R","dark","M603a","M6"
"650","M603a","31","T3","30.1775025391674","-0.48442964287832","R","dark","M603a","M6"
"652","M603a","32","T3","31.338950653054","-0.393894698306741","R","dark","M603a","M6"
"654","M603a","33","T3","32.4386155072431","-0.311705810371454","R","dark","M603a","M6"
"656","M603a","34","T3","33.2245293661489","-0.270101828342649","R","dark","M603a","M6"
"658","M603b","27","T3","26.3184309969196","-0.350405864205831","R","dark","M603b","M6"
"660","M603b","28","T3","27.0366922886001","-0.441567321813084","R","dark","M603b","M6"
"662","M603b","29","T3","28.3369589392582","-0.390586694435475","R","dark","M603b","M6"
"664","M603b","30","T3","29.200794718375","-0.461929554618993","R","dark","M603b","M6"
"666","M603b","31","T3","29.9902056863665","-0.494266025948239","R","dark","M603b","M6"
"668","M603b","32","T3","31.3391973085661","-0.431126949826303","R","dark","M603b","M6"
"670","M603b","33","T3","32.4992084229804","-0.346515992904098","R","dark","M603b","M6"
"672","M603b","34","T3","33.1146415361507","-0.26694814315679","R","dark","M603b","M6"
"674","M603c","27","T3","26.2715460487549","-0.402380905899058","R","dark","M603c","M6"
"676","M603c","28","T3","27.1887395991132","-0.465909734362645","R","dark","M603c","M6"
"678","M603c","29","T3","28.3205019261262","-0.423851494499063","R","dark","M603c","M6"
"680","M603c","30","T3","29.1987106164409","-0.45389825204039","R","dark","M603c","M6"
"682","M603c","31","T3","30.4091679226108","-0.460171078619726","R","dark","M603c","M6"
"684","M603c","32","T3","31.3812671102021","-0.390144396563334","R","dark","M603c","M6"
"686","M603c","33","T3","32.4635869946012","-0.352124213063839","R","dark","M603c","M6"
"688","M603c","34","T3","33.140459652144","-0.338044144879601","R","dark","M603c","M6"
"690","M603d","27","T3","26.2778520028013","-0.479355144621551","R","dark","M603d","M6"
"692","M603d","28","T3","27.1468138315732","-0.465540104304593","R","dark","M603d","M6"
"694","M603d","29","T3","28.2257641857747","-0.474170377978884","R","dark","M603d","M6"
"696","M603d","30","T3","28.9581046168377","-0.565591522457876","R","dark","M603d","M6"
"698","M603d","31","T3","30.3720276199934","-0.499948949105423","R","dark","M603d","M6"
"700","M603d","32","T3","31.2977781764918","-0.53708618161231","R","dark","M603d","M6"
"702","M603d","33","T3","32.4357263270375","-0.357573598609289","R","dark","M603d","M6"
"704","M603d","34","T3","33.0115809913329","-0.376419567718879","R","dark","M603d","M6"
"706","M60Ca","27","C","26.2713667922664","-0.388577669487415","R","dark","M60Ca","M6"
"708","M60Ca","28","C","27.1213390791005","-0.437369255821765","R","dark","M60Ca","M6"
"710","M60Ca","29","C","28.3513776292272","-0.384746900237599","R","dark","M60Ca","M6"
"712","M60Ca","30","C","29.2017129132792","-0.406330831326272","R","dark","M60Ca","M6"
"714","M60Ca","31","C","30.3690923589057","-0.45314194276322","R","dark","M60Ca","M6"
"716","M60Ca","32","C","31.3827706387319","-0.455845954413146","R","dark","M60Ca","M6"
"718","M60Ca","33","C","32.3992433231044","-0.376847372886173","R","dark","M60Ca","M6"
"720","M60Ca","34","C","33.1819877174411","-0.305048560379028","R","dark","M60Ca","M6"
"722","M60Cb","27","C","26.2630959329542","-0.387118535593434","R","dark","M60Cb","M6"
"724","M60Cb","28","C","27.3468832936605","-0.399422772128978","R","dark","M60Cb","M6"
"726","M60Cb","29","C","28.2464795521977","-0.463030498402946","R","dark","M60Cb","M6"
"728","M60Cb","30","C","29.3732331416629","-0.378291958831701","R","dark","M60Cb","M6"
"730","M60Cb","31","C","30.042318748891","-0.397253247122122","R","dark","M60Cb","M6"
"732","M60Cb","32","C","31.3598337540652","-0.461161438451963","R","dark","M60Cb","M6"
"734","M60Cb","33","C","32.4528784490767","-0.461034193809836","R","dark","M60Cb","M6"
"736","M60Cb","34","C","33.1809106879817","-0.203581681164799","R","dark","M60Cb","M6"
"738","M60Cc","27","C","26.3484452209027","-0.400662357833465","R","dark","M60Cc","M6"
"740","M60Cc","28","C","27.104801729111","-0.414206307964209","R","dark","M60Cc","M6"
"742","M60Cc","29","C","28.5594107698613","-0.353910612305296","R","dark","M60Cc","M6"
"744","M60Cc","30","C","29.2735554218356","-0.386913576819124","R","dark","M60Cc","M6"
"746","M60Cc","31","C","29.9743057851179","-0.49077280797568","R","dark","M60Cc","M6"
"748","M60Cc","32","C","31.4672332614104","-0.419014116872327","R","dark","M60Cc","M6"
"750","M60Cc","33","C","32.4550840471931","-0.389425988952363","R","dark","M60Cc","M6"
"752","M60Cc","34","C","33.0613233579886","-0.336172308100818","R","dark","M60Cc","M6"
"754","M60Cd","27","C","26.3710437092695","-0.344021341798991","R","dark","M60Cd","M6"
"756","M60Cd","28","C","27.1427205081405","-0.443247579132437","R","dark","M60Cd","M6"
"758","M60Cd","29","C","28.4626858535309","-0.41665431415956","R","dark","M60Cd","M6"
"760","M60Cd","30","C","29.2263275438155","-0.42431213123717","R","dark","M60Cd","M6"
"762","M60Cd","31","C","30.0897549263601","-0.4276787092192","R","dark","M60Cd","M6"
"764","M60Cd","32","C","31.2462774007144","-0.523565839052411","R","dark","M60Cd","M6"
"766","M60Cd","33","C","32.3951598901137","-0.374076920572459","R","dark","M60Cd","M6"
"768","M60Cd","34","C","33.2407557542592","-0.32699223006296","R","dark","M60Cd","M6"
"by",NA,"individual.ID",NA,"individual.ID","individual.ID",NA,NA,NA,NA
