fragment.ID.full,Temp.C.x,fragment.ID,genotype,run.x,temp.Cat,light_dark.x,treatment,umol.sec.corr.x,umol.cm2.hr.x,umol.cm2.hr.c.x,ln.rate.x,rate.type.x,frag.ID,fragment.ID.full.y,Temp.C.y,run.y,light_dark.y,umol.sec.corr.y,umol.cm2.hr.y,umol.cm2.hr.c.y,ln.rate.y,rate.type.y,Pnet_umol.cm2.hr,Rdark_umol.cm2.hr
K201a_2706,26.44653272,K201a,K2,2706,27,light,T1,0.00433963,0.520482356,0.520482356,-0.47725811,NP,K201a_2706,K201a_2706D,26.38771693,2706D,dark,-0.003535747,-0.424067001,0.424067001,-0.646135738,R,0.520482356,0.424067001
K201a_2801,27.12077611,K201a,K2,2801,28,light,T1,0.005054613,0.60623535,0.60623535,-0.34780674,NP,K201a_2801,K201a_2801D,27.06329229,2801D,dark,-0.003951873,-0.473975972,0.473975972,-0.555167744,R,0.60623535,0.473975972
K201a_2903,28.4809316,K201a,K2,2903,29,light,T1,0.006667328,0.79965963,0.79965963,-0.105738776,NP,K201a_2903,K201a_2903D,28.33144658,2903D,dark,-0.003751988,-0.450002316,0.450002316,-0.59783279,R,0.79965963,0.450002316
K201a_3004,29.30243299,K201a,K2,3004,30,light,T1,0.003290278,0.394626224,0.394626224,-0.703952904,NP,K201a_3004,K201a_3004D,29.22072524,3004D,dark,-0.00436143,-0.523097009,0.523097009,-0.47305306,R,0.394626224,0.523097009
K201a_3106,30.02551912,K201a,K2,3106,31,light,T1,0.003634978,0.435968512,0.435968512,-0.623679866,NP,K201a_3106,K201a_3106D,30.07509068,3106D,dark,-0.003973139,-0.476526511,0.476526511,-0.550733954,R,0.435968512,0.476526511
K201a_3202,31.44757175,K201a,K2,3202,32,light,T1,0.006861745,0.822977388,0.822977388,-0.080150544,NP,K201a_3202,K201a_3202D,31.43631617,3202D,dark,-0.004795799,-0.575194017,0.575194017,-0.392755197,R,0.822977388,0.575194017
K201a_3303,32.56415912,K201a,K2,3303,33,light,T1,0.004476051,0.536844339,0.536844339,-0.45123002,NP,K201a_3303,K201a_3303D,32.50011354,3303D,dark,-0.004564618,-0.547466828,0.547466828,-0.434687718,R,0.536844339,0.547466828
K201a_3405,32.92701723,K201a,K2,3405,34,light,T1,-5.50E-05,-0.006601794,0.006601794,-2.238654937,NP,K201a_3405,K201a_3405D,33.02253422,3405D,dark,-0.004065761,-0.487635384,0.487635384,-0.531648619,R,0.006601794,0.487635384
K201b_2703,26.41847657,K201b,K2,2703,27,light,T1,0.003641639,0.481147207,0.481147207,-0.542751186,NP,K201b_2703,K201b_2703D,26.37521728,2703D,dark,-0.00333584,-0.440743931,0.440743931,-0.614809438,R,0.481147207,0.440743931
K201b_2805,27.37569924,K201b,K2,2805,28,light,T1,0.003462568,0.457487706,0.457487706,-0.584314828,NP,K201b_2805,K201b_2805D,27.30349065,2805D,dark,-0.003357744,-0.443637932,0.443637932,-0.60947182,R,0.457487706,0.443637932
K201b_2906,28.17806804,K201b,K2,2906,29,light,T1,0.003232237,0.427055455,0.427055455,-0.640449509,NP,K201b_2906,K201b_2906D,28.19808372,2906D,dark,-0.002987286,-0.394691561,0.394691561,-0.70382082,R,0.427055455,0.394691561
K201b_3002,29.38777591,K201b,K2,3002,30,light,T1,0.004533429,0.59897396,0.59897396,-0.35814179,NP,K201b_3002,K201b_3002D,29.3666864,3002D,dark,-0.00382408,-0.505252,0.505252,-0.502110379,R,0.59897396,0.505252
K201b_3104,30.18058176,K201b,K2,3104,31,light,T1,0.005365622,0.708926433,0.708926433,-0.212047302,NP,K201b_3104,K201b_3104D,30.16648293,3104D,dark,-0.004014424,-0.530401043,0.530401043,-0.461399085,R,0.708926433,0.530401043
K201b_3205,31.1978655,K201b,K2,3205,32,light,T1,0.00413478,0.546302922,0.546302922,-0.436486966,NP,K201b_3205,K201b_3205D,31.27326885,3205D,dark,-0.003489852,-0.461092488,0.461092488,-0.577869524,R,0.546302922,0.461092488
K201b_3301,32.5590045,K201b,K2,3301,33,light,T1,0.00523804,0.692069748,0.692069748,-0.233105825,NP,K201b_3301,K201b_3301D,32.60504376,3301D,dark,-0.003863977,-0.510523342,0.510523342,-0.493438751,R,0.692069748,0.510523342
K201b_3402,33.2056714,K201b,K2,3402,34,light,T1,0.002013061,0.265973256,0.265973256,-1.005195019,NP,K201b_3402,K201b_3402D,33.24729097,3402D,dark,-0.003591109,-0.474471053,0.474471053,-0.554305569,R,0.265973256,0.474471053
K201c_2701,26.43534989,K201c,K2,2701,27,light,T1,0.008062361,0.583397576,0.583397576,-0.380678487,NP,K201c_2701,K201c_2701D,26.38673574,2701D,dark,-0.005623117,-0.406892379,0.406892379,-0.679456568,R,0.583397576,0.406892379
K201c_2803,27.30795299,K201c,K2,2803,28,light,T1,0.008841592,0.639783272,0.639783272,-0.301398012,NP,K201c_2803,K201c_2803D,27.29116523,2803D,dark,-0.005716102,-0.413620773,0.413620773,-0.666270082,R,0.639783272,0.413620773
K201c_2904,28.6130899,K201c,K2,2904,29,light,T1,0.01045922,0.756835841,0.756835841,-0.15450893,NP,K201c_2904,K201c_2904D,28.41092264,2904D,dark,-0.006399873,-0.463098913,0.463098913,-0.574299977,R,0.756835841,0.463098913
K201c_3006,29.52390021,K201c,K2,3006,30,light,T1,0.001605654,0.116186128,0.116186128,-1.531615538,NP,K201c_3006,K201c_3006D,29.40703097,3006D,dark,-0.006386205,-0.462109893,0.462109893,-0.57605791,R,0.116186128,0.462109893
K201c_3102,30.55022914,K201c,K2,3102,31,light,T1,0.011233697,0.812877518,0.812877518,-0.091153561,NP,K201c_3102,K201c_3102D,30.57396066,3102D,dark,-0.007763555,-0.561775774,0.561775774,-0.412828491,R,0.812877518,0.561775774
K201c_3203,31.4359618,K201c,K2,3203,32,light,T1,0.0104506,0.756212139,0.756212139,-0.155237107,NP,K201c_3203,K201c_3203D,31.43469021,3203D,dark,-0.007389164,-0.534684648,0.534684648,-0.454627021,R,0.756212139,0.534684648
K201c_3305,32.36407526,K201c,K2,3305,33,light,T1,0.005011013,0.362600103,0.362600103,-0.770892306,NP,K201c_3305,K201c_3305D,32.39481462,3305D,dark,-0.006611939,-0.478444158,0.478444158,-0.547413267,R,0.362600103,0.478444158
K201c_3406,33.21438022,K201c,K2,3406,34,light,T1,-0.000777455,-0.056257118,0.056257118,-1.856252438,NP,K201c_3406,K201c_3406D,33.19942911,3406D,dark,-0.005669462,-0.410245911,0.410245911,-0.672862492,R,0.056257118,0.410245911
K201d_2704,26.45878894,K201d,K2,2704,27,light,T1,0.003898459,0.447177564,0.447177564,-0.602981914,NP,K201d_2704,K201d_2704D,26.39312439,2704D,dark,-0.003436106,-0.394142849,0.394142849,-0.704930635,R,0.447177564,0.394142849
K201d_2805,27.25797298,K201d,K2,2805,28,light,T1,0.004483719,0.514310567,0.514310567,-0.487254669,NP,K201d_2805,K201d_2805D,27.23136704,2805D,dark,-0.004207972,-0.482680592,0.482680592,-0.540116112,R,0.514310567,0.482680592
K201d_2901,28.37720234,K201d,K2,2901,29,light,T1,0.007092806,0.813589139,0.813589139,-0.090374328,NP,K201d_2901,K201d_2901D,28.24751748,2901D,dark,-0.004435725,-0.508805347,0.508805347,-0.49625669,R,0.813589139,0.508805347
K201d_3002,29.57047449,K201d,K2,3002,30,light,T1,0.005985308,0.686552121,0.686552121,-0.240096289,NP,K201d_3002,K201d_3002D,29.51082922,3002D,dark,-0.003037419,-0.34841087,0.34841087,-0.802045346,R,0.686552121,0.34841087
K201d_3104,29.96914889,K201d,K2,3104,31,light,T1,0.006619024,0.759243396,0.759243396,-0.151703049,NP,K201d_3104,K201d_3104D,30.00166576,3104D,dark,-0.004935065,-0.566082748,0.566082748,-0.40634137,R,0.759243396,0.566082748
K201d_3206,31.3169683,K201d,K2,3206,32,light,T1,0.002947891,0.338141485,0.338141485,-0.825213395,NP,K201d_3206,K201d_3206D,31.35663829,3206D,dark,-0.004346711,-0.498594861,0.498594861,-0.513170269,R,0.338141485,0.498594861
K201d_3301,32.53086145,K201d,K2,3301,33,light,T1,0.00641082,0.735361045,0.735361045,-0.179891258,NP,K201d_3301,K201d_3301D,32.5793994,3301D,dark,-0.004876742,-0.559392766,0.559392766,-0.41643592,R,0.735361045,0.559392766
K201d_3403,33.27699033,K201d,K2,3403,34,light,T1,0.002345502,0.269043734,0.269043734,-0.996840121,NP,K201d_3403,K201d_3403D,33.27883445,3403D,dark,-0.003537737,-0.405800471,0.405800471,-0.681613013,R,0.269043734,0.405800471
K202a_2706,26.46119376,K202a,K2,2706,27,light,T2,0.004942082,0.478448692,0.478448692,-0.547405428,NP,K202a_2706,K202a_2706D,26.40927103,2706D,dark,-0.004577797,-0.443181796,0.443181796,-0.610311215,R,0.478448692,0.443181796
K202a_2801,27.14709405,K202a,K2,2801,28,light,T2,0.0062835,0.608312936,0.608312936,-0.344869284,NP,K202a_2801,K202a_2801D,27.10283506,2801D,dark,-0.005196514,-0.503080576,0.503080576,-0.505704466,R,0.608312936,0.503080576
K202a_2903,28.34466775,K202a,K2,2903,29,light,T2,0.007870873,0.761988362,0.761988362,-0.14851351,NP,K202a_2903,K202a_2903D,28.26212373,2903D,dark,-0.004885651,-0.472985481,0.472985481,-0.556894902,R,0.761988362,0.472985481
K202a_3004,29.42415932,K202a,K2,3004,30,light,T2,0.003376768,0.326908851,0.326908851,-0.851184752,NP,K202a_3004,K202a_3004D,29.33921897,3004D,dark,-0.005107368,-0.494450185,0.494450185,-0.52011836,R,0.326908851,0.494450185
K202a_3106,29.99159624,K202a,K2,3106,31,light,T2,0.00529698,0.512806754,0.512806754,-0.489705638,NP,K202a_3106,K202a_3106D,30.05710234,3106D,dark,-0.006177641,-0.598064601,0.598064601,-0.359443629,R,0.512806754,0.598064601
K202a_3202,31.43756074,K202a,K2,3202,32,light,T2,0.009202027,0.890858887,0.890858887,-0.009183149,NP,K202a_3202,K202a_3202D,31.44218875,3202D,dark,-0.005670195,-0.548938119,0.548938119,-0.432417915,R,0.890858887,0.548938119
K202a_3303,32.32356975,K202a,K2,3303,33,light,T2,0.006410777,0.620634752,0.620634752,-0.327622856,NP,K202a_3303,K202a_3303D,32.33332576,3303D,dark,-0.006302736,-0.610175146,0.610175146,-0.342243654,R,0.620634752,0.610175146
K202a_3405,32.98427253,K202a,K2,3405,34,light,T2,0.001100273,0.106518661,0.106518661,-1.577364501,NP,K202a_3405,K202a_3405D,33.05184042,3405D,dark,-0.004480458,-0.433758283,0.433758283,-0.627812196,R,0.106518661,0.433758283
K202b_2704,26.45492399,K202b,K2,2704,27,light,T2,0.005071934,0.483261684,0.483261684,-0.539119336,NP,K202b_2704,K202b_2704D,26.39424118,2704D,dark,-0.003820755,-0.364047422,0.364047422,-0.767768529,R,0.483261684,0.364047422
K202b_2806,27.2788037,K202b,K2,2806,28,light,T2,0.004626574,0.440827126,0.440827126,-0.614655597,NP,K202b_2806,K202b_2806D,27.19345356,2806D,dark,-0.004034339,-0.384398009,0.384398009,-0.724848377,R,0.440827126,0.384398009
K202b_2901,28.40073564,K202b,K2,2901,29,light,T2,0.00725647,0.691407684,0.691407684,-0.233942041,NP,K202b_2901,K202b_2901D,28.27346534,2901D,dark,-0.004251552,-0.40509443,0.40509443,-0.683009876,R,0.691407684,0.40509443
K202b_3003,29.32848164,K202b,K2,3003,30,light,T2,0.004694024,0.447253867,0.447253867,-0.602842477,NP,K202b_3003,K202b_3003D,29.33941171,3003D,dark,-0.004926409,-0.469395814,0.469395814,-0.563179456,R,0.447253867,0.469395814
K202b_3105,30.02431189,K202b,K2,3105,31,light,T2,0.006112214,0.582381139,0.582381139,-0.382166922,NP,K202b_3105,K202b_3105D,30.10870503,3105D,dark,-0.004236121,-0.403624115,0.403624115,-0.685925092,R,0.582381139,0.403624115
K202b_3206,31.28507227,K202b,K2,3206,32,light,T2,0.00117522,0.111976779,0.111976779,-1.551278544,NP,K202b_3206,K202b_3206D,31.31001678,3206D,dark,-0.004569761,-0.435413866,0.435413866,-0.62471525,R,0.111976779,0.435413866
K202b_3302,32.58998733,K202b,K2,3302,33,light,T2,0.003508393,0.334285063,0.334285063,-0.834054133,NP,K202b_3302,K202b_3302D,32.48319025,3302D,dark,-0.00491115,-0.467941947,0.467941947,-0.565736072,R,0.334285063,0.467941947
K202b_3403,33.17739486,K202b,K2,3403,34,light,T2,-0.000250733,-0.023890271,0.023890271,-2.088359019,NP,K202b_3403,K202b_3403D,33.17517524,3403D,dark,-0.003149471,-0.300086504,0.300086504,-0.916074496,R,0.023890271,0.300086504
K202c_2703,26.4303142,K202c,K2,2703,27,light,T2,0.002605054,0.490611458,0.490611458,-0.526596909,NP,K202c_2703,K202c_2703D,26.38669034,2703D,dark,-0.002246504,-0.423085583,0.423085583,-0.648010189,R,0.490611458,0.423085583
K202c_2804,27.10976568,K202c,K2,2804,28,light,T2,0.002866895,0.539924161,0.539924161,-0.446405608,NP,K202c_2804,K202c_2804D,27.07817848,2804D,dark,-0.002142474,-0.403493512,0.403493512,-0.686184452,R,0.539924161,0.403493512
K202c_2906,28.22361693,K202c,K2,2906,29,light,T2,0.002364668,0.445339415,0.445339415,-0.606346899,NP,K202c_2906,K202c_2906D,28.23231821,2906D,dark,-0.002313055,-0.435619121,0.435619121,-0.624331966,R,0.445339415,0.435619121
K202c_3001,29.06065201,K202c,K2,3001,30,light,T2,0.003045038,0.573473959,0.573473959,-0.39530595,NP,K202c_3001,K202c_3001D,29.08701542,3001D,dark,-0.002338015,-0.440319824,0.440319824,-0.615594048,R,0.573473959,0.440319824
K202c_3103,30.63144834,K202c,K2,3103,31,light,T2,0.003897834,0.73408158,0.73408158,-0.181424064,NP,K202c_3103,K202c_3103D,30.4221792,3103D,dark,-0.003127118,-0.588932169,0.588932169,-0.372612462,R,0.73408158,0.588932169
K202c_3205,31.29324462,K202c,K2,3205,32,light,T2,0.00313571,0.590550272,0.590550272,-0.370266504,NP,K202c_3205,K202c_3205D,31.35065933,3205D,dark,-0.002008544,-0.378270484,0.378270484,-0.737578841,R,0.590550272,0.378270484
K202c_3306,32.61182381,K202c,K2,3306,33,light,T2,0.001720399,0.324003956,0.324003956,-0.858012494,NP,K202c_3306,K202c_3306D,32.49753567,3306D,dark,-0.002345179,-0.441669152,0.441669152,-0.613099884,R,0.324003956,0.441669152
K202c_3402,33.19777745,K202c,K2,3402,34,light,T2,0.000794442,0.149617785,0.149617785,-1.387824391,NP,K202c_3402,K202c_3402D,33.20950806,3402D,dark,-0.002072603,-0.390334727,0.390334727,-0.712667005,R,0.149617785,0.390334727
K202d_2705,26.34020429,K202d,K2,2705,27,light,T2,0.009156106,0.594449057,0.594449057,-0.364636472,NP,K202d_2705,K202d_2705D,26.29623047,2705D,dark,-0.006242095,-0.405260448,0.405260448,-0.682681244,R,0.594449057,0.405260448
K202d_2806,27.3998401,K202d,K2,2806,28,light,T2,0.007873786,0.511195981,0.511195981,-0.492337617,NP,K202d_2806,K202d_2806D,27.30777521,2806D,dark,-0.006766375,-0.439298707,0.439298707,-0.617485675,R,0.511195981,0.439298707
K202d_2902,28.58641019,K202d,K2,2902,29,light,T2,0.01059231,0.687692894,0.687692894,-0.238646993,NP,K202d_2902,K202d_2902D,28.55013967,2902D,dark,-0.007231314,-0.469484299,0.469484299,-0.563024066,R,0.687692894,0.469484299
K202d_3003,29.27583497,K202d,K2,3003,30,light,T2,0.007948221,0.516028599,0.516028599,-0.48446189,NP,K202d_3003,K202d_3003D,29.29940028,3003D,dark,-0.008494329,-0.551484029,0.551484029,-0.428502397,R,0.516028599,0.551484029
K202d_3105,29.84755104,K202d,K2,3105,31,light,T2,0.009597712,0.623119808,0.623119808,-0.324180361,NP,K202d_3105,K202d_3105D,30.00753486,3105D,dark,-0.008391302,-0.544795129,0.544795129,-0.438822643,R,0.623119808,0.544795129
K202d_3201,31.46096247,K202d,K2,3201,32,light,T2,0.012169669,0.79010096,0.79010096,-0.116420385,NP,K202d_3201,K202d_3201D,31.45008096,3201D,dark,-0.009014903,-0.585281652,0.585281652,-0.377925354,R,0.79010096,0.585281652
K202d_3302,32.54433803,K202d,K2,3302,33,light,T2,0.005809212,0.377156011,0.377156011,-0.739911775,NP,K202d_3302,K202d_3302D,32.43536845,3302D,dark,-0.008159109,-0.529720277,0.529720277,-0.462479562,R,0.377156011,0.529720277
K202d_3404,33.10987077,K202d,K2,3404,34,light,T2,-0.001711547,-0.111120121,0.111120121,-1.555328012,NP,K202d_3404,K202d_3404D,33.12496753,3404D,dark,-0.0073089,-0.474521486,0.474521486,-0.554217783,R,0.111120121,0.474521486
K203a_2702,26.43676416,K203a,K2,2702,27,light,T3,0.004108796,0.461614113,0.461614113,-0.576940296,NP,K203a_2702,K203a_2702D,26.40073869,2702D,dark,-0.003446077,-0.387159168,0.387159168,-0.719164375,R,0.461614113,0.387159168
K203a_2803,27.1939769,K203a,K2,2803,28,light,T3,0.004424795,0.49711596,0.49711596,-0.515643946,NP,K203a_2803,K203a_2803D,27.17851091,2803D,dark,-0.003700067,-0.415694306,0.415694306,-0.662241119,R,0.49711596,0.415694306
K203a_2905,28.31667203,K203a,K2,2905,29,light,T3,0.00603382,0.677886359,0.677886359,-0.251174834,NP,K203a_2905,K203a_2905D,28.29820022,2905D,dark,-0.003993545,-0.448665963,0.448665963,-0.600265468,R,0.677886359,0.448665963
K203a_3006,29.37363933,K203a,K2,3006,30,light,T3,0.000262344,0.029473732,0.029473732,-2.044277261,NP,K203a_3006,K203a_3006D,29.30212568,3006D,dark,-0.004727815,-0.531159514,0.531159514,-0.460196652,R,0.029473732,0.531159514
K203a_3102,30.42629868,K203a,K2,3102,31,light,T3,0.007104518,0.798176826,0.798176826,-0.107388319,NP,K203a_3102,K203a_3102D,30.51743025,3102D,dark,-0.005313175,-0.596923415,0.596923415,-0.361079753,R,0.798176826,0.596923415
K203a_3204,31.38979109,K203a,K2,3204,32,light,T3,0.004823769,0.541939745,0.541939745,-0.443260835,NP,K203a_3204,K203a_3204D,31.44249369,3204D,dark,-0.004911301,-0.551773739,0.551773739,-0.428057803,R,0.541939745,0.551773739
K203a_3305,32.42661286,K203a,K2,3305,33,light,T3,0.001980386,0.222491971,0.222491971,-1.131677038,NP,K203a_3305,K203a_3305D,32.46210312,3305D,dark,-0.00404658,-0.45462427,0.45462427,-0.589464386,R,0.222491971,0.45462427
K203a_3401,33.1084862,K203a,K2,3401,34,light,T3,-0.000714047,-0.080221642,0.080221642,-1.713567843,NP,K203a_3401,K203a_3401D,33.13384106,3401D,dark,-0.004046705,-0.454638324,0.454638324,-0.589439046,R,0.080221642,0.454638324
K203b_2701,26.27048185,K203b,K2,2701,27,light,T3,0.004257099,0.58934919,0.58934919,-0.372007329,NP,K203b_2701,K203b_2701D,26.30138098,2701D,dark,-0.003261912,-0.451576326,0.451576326,-0.594975053,R,0.58934919,0.451576326
K203b_2802,26.92302322,K203b,K2,2802,28,light,T3,0.004845401,0.670793149,0.670793149,-0.260335231,NP,K203b_2802,K203b_2802D,27.02715111,2802D,dark,-0.003861881,-0.53463555,0.53463555,-0.454704382,R,0.670793149,0.53463555
K203b_2904,28.62893614,K203b,K2,2904,29,light,T3,0.004658702,0.64494678,0.64494678,-0.294442499,NP,K203b_2904,K203b_2904D,28.42529059,2904D,dark,-0.003588257,-0.496755169,0.496755169,-0.516248351,R,0.64494678,0.496755169
K203b_3005,29.24767763,K203b,K2,3005,30,light,T3,0.00141648,0.196096297,0.196096297,-1.217070551,NP,K203b_3005,K203b_3005D,29.27751589,3005D,dark,-0.003508107,-0.485659378,0.485659378,-0.535016924,R,0.196096297,0.485659378
K203b_3101,30.5093146,K203b,K2,3101,31,light,T3,0.006424607,0.889417074,0.889417074,-0.010639324,NP,K203b_3101,K203b_3101D,30.49076319,3101D,dark,-0.004462052,-0.617722653,0.617722653,-0.331672062,R,0.889417074,0.617722653
K203b_3203,31.31001639,K203b,K2,3203,32,light,T3,0.005786969,0.801142963,0.801142963,-0.104091362,NP,K203b_3203,K203b_3203D,31.32148815,3203D,dark,-0.004541309,-0.628694881,0.628694881,-0.31650018,R,0.801142963,0.628694881
K203b_3304,32.36561462,K203b,K2,3304,33,light,T3,0.002293272,0.317478661,0.317478661,-0.873521847,NP,K203b_3304,K203b_3304D,32.40673591,3304D,dark,-0.00372943,-0.516299099,0.516299099,-0.484022882,R,0.317478661,0.516299099
K203b_3406,33.04200767,K203b,K2,3406,34,light,T3,-0.000869167,-0.1203268,0.1203268,-1.512643381,NP,K203b_3406,K203b_3406D,33.08540133,3406D,dark,-0.00300998,-0.416698997,0.416698997,-0.660294785,R,0.1203268,0.416698997
K203c_2703,26.27916124,K203c,K2,2703,27,light,T3,0.004543647,0.503687259,0.503687259,-0.504698998,NP,K203c_2703,K203c_2703D,26.29913018,2703D,dark,-0.003313955,-0.367369444,0.367369444,-0.760635234,R,0.503687259,0.367369444
K203c_2805,27.28471706,K203c,K2,2805,28,light,T3,0.004440127,0.492211558,0.492211558,-0.523891347,NP,K203c_2805,K203c_2805D,27.23155203,2805D,dark,-0.003644754,-0.404040165,0.404040165,-0.685099321,R,0.492211558,0.404040165
K203c_2906,28.23745869,K203c,K2,2906,29,light,T3,0.003661681,0.405916652,0.405916652,-0.681383342,NP,K203c_2906,K203c_2906D,28.27242127,2906D,dark,-0.003459335,-0.383485555,0.383485555,-0.726733839,R,0.405916652,0.383485555
K203c_3002,29.46108923,K203c,K2,3002,30,light,T3,0.005555578,0.615865111,0.615865111,-0.334263522,NP,K203c_3002,K203c_3002D,29.43878371,3002D,dark,-0.003997349,-0.443127223,0.443127223,-0.61041169,R,0.615865111,0.443127223
K203c_3104,30.06503908,K203c,K2,3104,31,light,T3,0.006333519,0.702103997,0.702103997,-0.220517008,NP,K203c_3104,K203c_3104D,30.08389357,3104D,dark,-0.004625467,-0.512757403,0.512757403,-0.489786175,R,0.702103997,0.512757403
K203c_3205,31.21356399,K203c,K2,3205,32,light,T3,0.003487269,0.38658217,0.38658217,-0.720349492,NP,K203c_3205,K203c_3205D,31.2909715,3205D,dark,-0.004174119,-0.462723107,0.462723107,-0.574967589,R,0.38658217,0.462723107
K203c_3301,32.49912536,K203c,K2,3301,33,light,T3,0.005000205,0.554299055,0.554299055,-0.424190761,NP,K203c_3301,K203c_3301D,32.54648607,3301D,dark,-0.00393594,-0.436319711,0.436319711,-0.623024819,R,0.554299055,0.436319711
K203c_3402,33.11515152,K203c,K2,3402,34,light,T3,0.000311277,0.034506643,0.034506643,-2.00614169,NP,K203c_3402,K203c_3402D,33.20108907,3402D,dark,-0.003194588,-0.354136983,0.354136983,-0.789356402,R,0.034506643,0.354136983
K203d_2704,26.49429016,K203d,K2,2704,27,light,T3,0.002350192,0.469605179,0.469605179,-0.562811827,NP,K203d_2704,K203d_2704D,26.43550211,2704D,dark,-0.001626755,-0.325051074,0.325051074,-0.855545944,R,0.469605179,0.325051074
K203d_2805,27.28950498,K203d,K2,2805,28,light,T3,0.002209659,0.441524342,0.441524342,-0.613367261,NP,K203d_2805,K203d_2805D,27.26851339,2805D,dark,-0.002004283,-0.400487029,0.400487029,-0.692173597,R,0.441524342,0.400487029
K203d_2901,28.39194861,K203d,K2,2901,29,light,T3,0.003881371,0.775558643,0.775558643,-0.132893147,NP,K203d_2901,K203d_2901D,28.23725015,2901D,dark,-0.002052608,-0.410143056,0.410143056,-0.673064091,R,0.775558643,0.410143056
K203d_3002,29.41619267,K203d,K2,3002,30,light,T3,0.00253979,0.507489731,0.507489731,-0.498420007,NP,K203d_3002,K203d_3002D,29.39019092,3002D,dark,-0.002229316,-0.445452109,0.445452109,-0.60614027,R,0.507489731,0.445452109
K203d_3104,30.18822623,K203d,K2,3104,31,light,T3,0.003069391,0.613312348,0.613312348,-0.337835878,NP,K203d_3104,K203d_3104D,30.15722801,3104D,dark,-0.002511845,-0.501905922,0.501905922,-0.507654121,R,0.613312348,0.501905922
K203d_3206,31.29577238,K203d,K2,3206,32,light,T3,0.000703798,0.140629936,0.140629936,-1.424495062,NP,K203d_3206,K203d_3206D,31.37224218,3206D,dark,-0.002115795,-0.42276882,0.42276882,-0.64861594,R,0.140629936,0.42276882
K203d_3301,32.37924261,K203d,K2,3301,33,light,T3,0.00254877,0.50928401,0.50928401,-0.495470766,NP,K203d_3301,K203d_3301D,32.4851981,3301D,dark,-0.002554068,-0.510342596,0.510342596,-0.493734847,R,0.50928401,0.510342596
K203d_3403,33.1130971,K203d,K2,3403,34,light,T3,-5.14E-05,-0.010263858,0.010263858,-2.204879075,NP,K203d_3403,K203d_3403D,33.12367408,3403D,dark,-0.00171564,-0.342811607,0.342811607,-0.814610865,R,0.010263858,0.342811607
K20Ca_2704,26.36481988,K20Ca,K2,2704,27,light,C,0.006487332,0.526807765,0.526807765,-0.467115379,NP,K20Ca_2704,K20Ca_2704D,26.32516125,2704D,dark,-0.00568459,-0.461620614,0.461620614,-0.576928722,R,0.526807765,0.461620614
K20Ca_2806,27.30945628,K20Ca,K2,2806,28,light,C,0.005814033,0.472132129,0.472132129,-0.558385319,NP,K20Ca_2806,K20Ca_2806D,27.21054076,2806D,dark,-0.005043175,-0.409534086,0.409534086,-0.674258528,R,0.472132129,0.409534086
K20Ca_2901,28.40125521,K20Ca,K2,2901,29,light,C,0.00971159,0.788635596,0.788635596,-0.118068031,NP,K20Ca_2901,K20Ca_2901D,28.28416032,2901D,dark,-0.006898603,-0.560205271,0.560205271,-0.415204475,R,0.788635596,0.560205271
K20Ca_3003,29.24296276,K20Ca,K2,3003,30,light,C,0.006846785,0.555997366,0.555997366,-0.421598505,NP,K20Ca_3003,K20Ca_3003D,29.2682474,3003D,dark,-0.00668773,-0.543081201,0.543081201,-0.441484277,R,0.555997366,0.543081201
K20Ca_3105,30.00014011,K20Ca,K2,3105,31,light,C,0.009189874,0.746269352,0.746269352,-0.166917587,NP,K20Ca_3105,K20Ca_3105D,30.08649883,3105D,dark,-0.007559743,-0.613893551,0.613893551,-0.337021415,R,0.746269352,0.613893551
K20Ca_3206,31.27275612,K20Ca,K2,3206,32,light,C,0.003904876,0.317097806,0.317097806,-0.874434539,NP,K20Ca_3206,K20Ca_3206D,31.31544283,3206D,dark,-0.006472196,-0.525578608,0.525578608,-0.469078285,R,0.317097806,0.525578608
K20Ca_3302,32.58491569,K20Ca,K2,3302,33,light,C,0.006725536,0.546151244,0.546151244,-0.436721678,NP,K20Ca_3302,K20Ca_3302D,32.50456209,3302D,dark,-0.006699021,-0.543998097,0.543998097,-0.440059508,R,0.546151244,0.543998097
K20Ca_3403,33.14568157,K20Ca,K2,3403,34,light,C,0.000741276,0.060195804,0.060195804,-1.831358436,NP,K20Ca_3403,K20Ca_3403D,33.13716372,3403D,dark,-0.005385041,-0.437295512,0.437295512,-0.621207035,R,0.060195804,0.437295512
K20Cb_2703,26.21174644,K20Cb,K2,2703,27,light,C,0.003527812,0.478908108,0.478908108,-0.546611523,NP,K20Cb_2703,K20Cb_2703D,26.23138228,2703D,dark,-0.002778863,-0.37723661,0.37723661,-0.739742873,R,0.478908108,0.37723661
K20Cb_2804,27.13471087,K20Cb,K2,2804,28,light,C,0.003154894,0.428283689,0.428283689,-0.638121849,NP,K20Cb_2804,K20Cb_2804D,27.10128837,2804D,dark,-0.002494861,-0.338682718,0.338682718,-0.823978866,R,0.428283689,0.338682718
K20Cb_2906,28.27598873,K20Cb,K2,2906,29,light,C,0.002368295,0.321501228,0.321501228,-0.863932588,NP,K20Cb_2906,K20Cb_2906D,28.30416004,2906D,dark,-0.002649939,-0.3597349,0.3597349,-0.777105259,R,0.321501228,0.3597349
K20Cb_3001,29.17342892,K20Cb,K2,3001,30,light,C,0.004288874,0.582223864,0.582223864,-0.382397428,NP,K20Cb_3001,K20Cb_3001D,29.14597532,3001D,dark,-0.002074514,-0.281619789,0.281619789,-0.963330482,R,0.582223864,0.281619789
K20Cb_3103,30.17381116,K20Cb,K2,3103,31,light,C,0.004099733,0.556547559,0.556547559,-0.420760144,NP,K20Cb_3103,K20Cb_3103D,30.16290048,3103D,dark,-0.002927877,-0.397465612,0.397465612,-0.698228847,R,0.556547559,0.397465612
K20Cb_3205,31.28072116,K20Cb,K2,3205,32,light,C,0.002207565,0.29968178,0.29968178,-0.917086599,NP,K20Cb_3205,K20Cb_3205D,31.35298765,3205D,dark,-0.00288784,-0.392030535,0.392030535,-0.709214502,R,0.29968178,0.392030535
K20Cb_3306,32.5322023,K20Cb,K2,3306,33,light,C,0.000116277,0.015784834,0.015784834,-2.156021689,NP,K20Cb_3306,K20Cb_3306D,32.46024263,3306D,dark,-0.002553799,-0.346683799,0.346683799,-0.80590432,R,0.015784834,0.346683799
K20Cb_3402,32.95014258,K20Cb,K2,3402,34,light,C,-0.000938043,-0.127341334,0.127341334,-1.481302715,NP,K20Cb_3402,K20Cb_3402D,33.07734669,3402D,dark,-0.002747631,-0.372996834,0.372996834,-0.748666583,R,0.127341334,0.372996834
K20Cc_2702,26.48239245,K20Cc,K2,2702,27,light,C,0.006256652,0.541423676,0.541423676,-0.444065079,NP,K20Cc_2702,K20Cc_2702D,26.42727778,2702D,dark,-0.005212468,-0.451064475,0.451064475,-0.595903463,R,0.541423676,0.451064475
K20Cc_2803,27.18490347,K20Cc,K2,2803,28,light,C,0.00669085,0.578997298,0.578997298,-0.387138131,NP,K20Cc_2803,K20Cc_2803D,27.17358175,2803D,dark,-0.005626614,-0.486902896,0.486902896,-0.532895896,R,0.578997298,0.486902896
K20Cc_2905,28.40299263,K20Cc,K2,2905,29,light,C,0.007873371,0.681327567,0.681327567,-0.246760797,NP,K20Cc_2905,K20Cc_2905D,28.30398857,2905D,dark,-0.005527574,-0.47833235,0.47833235,-0.547606575,R,0.681327567,0.47833235
K20Cc_3006,29.49292508,K20Cc,K2,3006,30,light,C,0.001676373,0.145066108,0.145066108,-1.406227276,NP,K20Cc_3006,K20Cc_3006D,29.38803411,3006D,dark,-0.005727556,-0.495637947,0.495637947,-0.518122268,R,0.145066108,0.495637947
K20Cc_3102,30.458859,K20Cc,K2,3102,31,light,C,0.009512734,0.823190951,0.823190951,-0.079919185,NP,K20Cc_3102,K20Cc_3102D,30.54864254,3102D,dark,-0.006607748,-0.571805985,0.571805985,-0.397785693,R,0.823190951,0.571805985
K20Cc_3205,31.30785126,K20Cc,K2,3205,32,light,C,0.00805927,0.697414397,0.697414397,-0.226380789,NP,K20Cc_3205,K20Cc_3205D,31.34375704,3205D,dark,-0.005739638,-0.496683465,0.496683465,-0.516368515,R,0.697414397,0.496683465
K20Cc_3305,32.46430401,K20Cc,K2,3305,33,light,C,0.004915686,0.425382232,0.425382232,-0.64362922,NP,K20Cc_3305,K20Cc_3305D,32.46014842,3305D,dark,-0.005190987,-0.449205613,0.449205613,-0.599282385,R,0.425382232,0.449205613
K20Cc_3401,33.07677828,K20Cc,K2,3401,34,light,C,0.000989783,0.085651517,0.085651517,-1.68388393,NP,K20Cc_3401,K20Cc_3401D,33.08622958,3401D,dark,-0.005718431,-0.494848359,0.494848359,-0.519448764,R,0.085651517,0.494848359
K20Cd_2703,26.33540661,K20Cd,K2,2703,27,light,C,0.002021333,0.494823704,0.494823704,-0.519490213,NP,K20Cd_2703,K20Cd_2703D,26.30662653,2703D,dark,-0.001677151,-0.410567711,0.410567711,-0.672232014,R,0.494823704,0.410567711
K20Cd_2805,27.29533164,K20Cd,K2,2805,28,light,C,0.002091808,0.512075992,0.512075992,-0.490898835,NP,K20Cd_2805,K20Cd_2805D,27.25261761,2805D,dark,-0.001885736,-0.461629496,0.461629496,-0.576912906,R,0.512075992,0.461629496
K20Cd_2906,28.15526867,K20Cd,K2,2906,29,light,C,0.001669197,0.408620437,0.408620437,-0.676053244,NP,K20Cd_2906,K20Cd_2906D,28.15985687,2906D,dark,-0.001910582,-0.467711726,0.467711726,-0.566141513,R,0.408620437,0.467711726
K20Cd_3002,29.36772391,K20Cd,K2,3002,30,light,C,0.0028942,0.708502079,0.708502079,-0.212572029,NP,K20Cd_3002,K20Cd_3002D,29.34252992,3002D,dark,-0.001816223,-0.444612632,0.444612632,-0.607680505,R,0.708502079,0.444612632
K20Cd_3104,30.12240875,K20Cd,K2,3104,31,light,C,0.002788762,0.682690794,0.682690794,-0.24501756,NP,K20Cd_3104,K20Cd_3104D,30.10037359,3104D,dark,-0.002240567,-0.548492235,0.548492235,-0.433105248,R,0.682690794,0.548492235
K20Cd_3205,31.32679298,K20Cd,K2,3205,32,light,C,0.001718166,0.420608312,0.420608312,-0.65275732,NP,K20Cd_3205,K20Cd_3205D,31.40012217,3205D,dark,-0.001933304,-0.47327414,0.47327414,-0.556391247,R,0.420608312,0.47327414
K20Cd_3301,32.49211228,K20Cd,K2,3301,33,light,C,0.001757035,0.430123297,0.430123297,-0.634645663,NP,K20Cd_3301,K20Cd_3301D,32.58161048,3301D,dark,-0.002325051,-0.569174158,0.569174158,-0.401710928,R,0.430123297,0.569174158
K20Cd_3402,33.09428512,K20Cd,K2,3402,34,light,C,-4.14E-05,-0.010123162,0.010123162,-2.206155887,NP,K20Cd_3402,K20Cd_3402D,33.14042871,3402D,dark,-0.001602398,-0.392268138,0.392268138,-0.708731716,R,0.010123162,0.392268138
M501a_2706,26.3420711,M501a,M5,2706,27,light,T1,0.002295734,0.311625063,0.311625063,-0.887642385,NP,M501a_2706,M501a_2706D,26.31898404,2706D,dark,-0.003068628,-0.416538372,0.416538372,-0.660605701,R,0.311625063,0.416538372
M501a_2802,27.14612023,M501a,M5,2802,28,light,T1,0.003337052,0.45297449,0.45297449,-0.592443408,NP,M501a_2802,M501a_2802D,27.1839286,2802D,dark,-0.003623459,-0.49185167,0.49185167,-0.524499233,R,0.45297449,0.49185167
M501a_2903,28.36928644,M501a,M5,2903,29,light,T1,0.004694544,0.637241792,0.637241792,-0.304839365,NP,M501a_2903,M501a_2903D,28.26947998,2903D,dark,-0.003187044,-0.432612298,0.432612298,-0.629961516,R,0.637241792,0.432612298
M501a_3005,29.26746216,M501a,M5,3005,30,light,T1,0.000533868,0.072467725,0.072467725,-1.757545164,NP,M501a_3005,M501a_3005D,29.27965102,3005D,dark,-0.003541827,-0.480770888,0.480770888,-0.543398941,R,0.072467725,0.480770888
M501a_3101,30.47447403,M501a,M5,3101,31,light,T1,0.005503306,0.74702389,0.74702389,-0.166026379,NP,M501a_3101,M501a_3101D,30.48150924,3101D,dark,-0.003989215,-0.541499725,0.541499725,-0.443946524,R,0.74702389,0.541499725
M501a_3202,31.3796444,M501a,M5,3202,32,light,T1,0.004748476,0.644562632,0.644562632,-0.294958304,NP,M501a_3202,M501a_3202D,31.35959082,3202D,dark,-0.004064906,-0.551774142,0.551774142,-0.428057185,R,0.644562632,0.551774142
M501a_3304,32.41601549,M501a,M5,3304,33,light,T1,0.002810335,0.381477446,0.381477446,-0.73089589,NP,M501a_3304,M501a_3304D,32.37740377,3304D,dark,-0.003646096,-0.494924439,0.494924439,-0.519320874,R,0.381477446,0.494924439
M501a_3405,33.20993692,M501a,M5,3405,34,light,T1,-6.04E-05,-0.008204322,0.008204322,-2.223733967,NP,M501a_3405,M501a_3405D,33.21076298,3405D,dark,-0.002754663,-0.373920585,0.373920585,-0.746715514,R,0.008204322,0.373920585
M501b_2702,26.27576976,M501b,M5,2702,27,light,T1,0.003183163,0.432881663,0.432881663,-0.629455901,NP,M501b_2702,M501b_2702D,26.31778824,2702D,dark,-0.002987327,-0.406249631,0.406249631,-0.680725389,R,0.432881663,0.406249631
M501b_2803,27.1743643,M501b,M5,2803,28,light,T1,0.003777284,0.513676693,0.513676693,-0.488287048,NP,M501b_2803,M501b_2803D,27.16502415,2803D,dark,-0.00314095,-0.427141075,0.427141075,-0.640287072,R,0.513676693,0.427141075
M501b_2905,28.36482419,M501b,M5,2905,29,light,T1,0.004911521,0.667922784,0.667922784,-0.264066092,NP,M501b_2905,M501b_2905D,28.34677014,2905D,dark,-0.003091604,-0.42043036,0.42043036,-0.653099195,R,0.667922784,0.42043036
M501b_3006,29.47159723,M501b,M5,3006,30,light,T1,-6.04E-05,-0.008220228,0.008220228,-2.22358698,NP,M501b_3006,M501b_3006D,29.34234713,3006D,dark,-0.003804338,-0.517355886,0.517355886,-0.48230962,R,0.008220228,0.517355886
M501b_3102,30.46139932,M501b,M5,3102,31,light,T1,0.005123458,0.696744297,0.696744297,-0.227221484,NP,M501b_3102,M501b_3102D,30.50201414,3102D,dark,-0.004291072,-0.583547345,0.583547345,-0.380459357,R,0.696744297,0.583547345
M501b_3204,31.26030882,M501b,M5,3204,32,light,T1,0.004324701,0.588120586,0.588120586,-0.373791186,NP,M501b_3204,M501b_3204D,31.31607621,3204D,dark,-0.004553595,-0.619248014,0.619248014,-0.329549038,R,0.588120586,0.619248014
M501b_3305,32.46640824,M501b,M5,3305,33,light,T1,0.002866088,0.389762275,0.389762275,-0.713835158,NP,M501b_3305,M501b_3305D,32.4841966,3305D,dark,-0.003275124,-0.445387491,0.445387491,-0.606258745,R,0.389762275,0.445387491
M501b_3401,33.00032411,M501b,M5,3401,34,light,T1,0.000449572,0.061137744,0.061137744,-1.825495725,NP,M501b_3401,M501b_3401D,33.02979376,3401D,dark,-0.003271789,-0.44493395,0.44493395,-0.607090685,R,0.061137744,0.44493395
M501c_2702,26.51393848,M501c,M5,2702,27,light,T1,0.006452148,0.505616919,0.505616919,-0.501507639,NP,M501c_2702,M501c_2702D,26.45966203,2702D,dark,-0.005602883,-0.439064993,0.439064993,-0.617919135,R,0.505616919,0.439064993
M501c_2804,27.15607018,M501c,M5,2804,28,light,T1,0.00693319,0.543313297,0.543313297,-0.44112343,NP,M501c_2804,M501c_2804D,27.111971,2804D,dark,-0.006862134,-0.537745101,0.537745101,-0.449816604,R,0.543313297,0.537745101
M501c_2905,28.33416498,M501c,M5,2905,29,light,T1,0.00853765,0.669045403,0.669045403,-0.26260527,NP,M501c_2905,M501c_2905D,28.26673678,2905D,dark,-0.007090896,-0.55567181,0.55567181,-0.422094905,R,0.669045403,0.55567181
M501c_3001,29.11951798,M501c,M5,3001,30,light,T1,0.008067842,0.632229337,0.632229337,-0.311661512,NP,M501c_3001,M501c_3001D,29.1444896,3001D,dark,-0.006769217,-0.530463696,0.530463696,-0.461299704,R,0.632229337,0.530463696
M501c_3103,30.50979066,M501c,M5,3103,31,light,T1,0.008682632,0.680406838,0.680406838,-0.247939908,NP,M501c_3103,M501c_3103D,30.36062316,3103D,dark,-0.006515138,-0.510553041,0.510553041,-0.493390109,R,0.680406838,0.510553041
M501c_3204,31.28356967,M501c,M5,3204,32,light,T1,0.007547392,0.591444694,0.591444694,-0.36897211,NP,M501c_3204,M501c_3204D,31.34382791,3204D,dark,-0.006501114,-0.509454073,0.509454073,-0.495191686,R,0.591444694,0.509454073
M501c_3306,32.39778831,M501c,M5,3306,33,light,T1,0.001626799,0.127482643,0.127482643,-1.480681337,NP,M501c_3306,M501c_3306D,32.34473825,3306D,dark,-0.005836541,-0.45737538,0.45737538,-0.584516335,R,0.127482643,0.45737538
M501c_3401,33.0247433,M501c,M5,3401,34,light,T1,0.001392267,0.109103748,0.109103748,-1.564924748,NP,M501c_3401,M501c_3401D,33.04850263,3401D,dark,-0.005855052,-0.458826007,0.458826007,-0.581917111,R,0.109103748,0.458826007
M501d_2703,26.45092746,M501d,M5,2703,27,light,T1,0.004202776,0.504942286,0.504942286,-0.50262222,NP,M501d_2703,M501d_2703D,26.42560025,2703D,dark,-0.003298619,-0.396312345,0.396312345,-0.700549823,R,0.504942286,0.396312345
M501d_2804,27.07960971,M501d,M5,2804,28,light,T1,0.004736697,0.569090164,0.569090164,-0.401836454,NP,M501d_2804,M501d_2804D,27.05237992,2804D,dark,-0.004115838,-0.494497039,0.494497039,-0.520039543,R,0.569090164,0.494497039
M501d_2906,28.09930041,M501d,M5,2906,29,light,T1,0.003298048,0.396243737,0.396243737,-0.700688067,NP,M501d_2906,M501d_2906D,28.13422663,2906D,dark,-0.003926917,-0.471799198,0.471799198,-0.558967401,R,0.396243737,0.471799198
M501d_3001,29.13728609,M501d,M5,3001,30,light,T1,0.005207099,0.625606503,0.625606503,-0.320747417,NP,M501d_3001,M501d_3001D,29.15572879,3001D,dark,-0.004858243,-0.583693234,0.583693234,-0.38024595,R,0.625606503,0.583693234
M501d_3103,30.53668272,M501d,M5,3103,31,light,T1,0.00628104,0.754635167,0.754635167,-0.157080606,NP,M501d_3103,M501d_3103D,30.40196802,3103D,dark,-0.005143033,-0.617909382,0.617909382,-0.331411927,R,0.754635167,0.617909382
M501d_3205,31.1771532,M501d,M5,3205,32,light,T1,0.003078636,0.369882505,0.369882505,-0.755272606,NP,M501d_3205,M501d_3205D,31.26193238,3205D,dark,-0.004704896,-0.565269361,0.565269361,-0.407563267,R,0.369882505,0.565269361
M501d_3306,32.61087964,M501d,M5,3306,33,light,T1,0.001028079,0.123518503,0.123518503,-1.498261082,NP,M501d_3306,M501d_3306D,32.51600332,3306D,dark,-0.003549003,-0.426394665,0.426394665,-0.641704034,R,0.123518503,0.426394665
M501d_3402,32.94509829,M501d,M5,3402,34,light,T1,0.000484503,0.058210596,0.058210596,-1.843828246,NP,M501d_3402,M501d_3402D,33.07224328,3402D,dark,-0.004128249,-0.495988178,0.495988178,-0.517534447,R,0.058210596,0.495988178
M502a_2704,26.34128424,M502a,M5,2704,27,light,T2,0.002437829,0.397746029,0.397746029,-0.697665314,NP,M502a_2704,M502a_2704D,26.32143638,2704D,dark,-0.00272762,-0.445027074,0.445027074,-0.606919809,R,0.397746029,0.445027074
M502a_2805,27.33737852,M502a,M5,2805,28,light,T2,0.002368203,0.386386071,0.386386071,-0.720752586,NP,M502a_2805,M502a_2805D,27.31203488,2805D,dark,-0.002992737,-0.488282444,0.488282444,-0.5305481,R,0.386386071,0.488282444
M502a_2901,28.29159709,M502a,M5,2901,29,light,T2,0.004062314,0.662790281,0.662790281,-0.270772147,NP,M502a_2901,M502a_2901D,28.17784852,2901D,dark,-0.00352399,-0.574959468,0.574959468,-0.393102637,R,0.662790281,0.574959468
M502a_3002,29.37669617,M502a,M5,3002,30,light,T2,0.002564527,0.418417475,0.418417475,-0.656974426,NP,M502a_3002,M502a_3002D,29.35225502,3002D,dark,-0.003577141,-0.583631468,0.583631468,-0.380336295,R,0.418417475,0.583631468
M502a_3104,29.89295471,M502a,M5,3104,31,light,T2,0.003505428,0.571931067,0.571931067,-0.397599522,NP,M502a_3104,M502a_3104D,29.96825782,3104D,dark,-0.004215488,-0.687781548,0.687781548,-0.23853445,R,0.571931067,0.687781548
M502a_3206,31.37027209,M502a,M5,3206,32,light,T2,0.000288393,0.047053031,0.047053031,-1.916962001,NP,M502a_3206,M502a_3206D,31.40948206,3206D,dark,-0.002945372,-0.480554639,0.480554639,-0.543771359,R,0.047053031,0.480554639
M502a_3301,32.4228129,M502a,M5,3301,33,light,T2,0.002630971,0.429258256,0.429258256,-0.63627877,NP,M502a_3301,M502a_3301D,32.48615346,3301D,dark,-0.002846289,-0.46438861,0.46438861,-0.57201224,R,0.429258256,0.46438861
M502a_3403,33.24195602,M502a,M5,3403,34,light,T2,-0.000398832,-0.065071843,0.065071843,-1.801374486,NP,M502a_3403,M502a_3403D,33.22630355,3403D,dark,-0.002133048,-0.348019265,0.348019265,-0.802919044,R,0.065071843,0.348019265
M502b_2702,26.36680936,M502b,M5,2702,27,light,T2,0.004014661,0.493610155,0.493610155,-0.521532479,NP,M502b_2702,M502b_2702D,26.34602912,2702D,dark,-0.003212859,-0.395027087,0.395027087,-0.703142796,R,0.493610155,0.395027087
M502b_2803,27.10755483,M502b,M5,2803,28,light,T2,0.004130446,0.507846081,0.507846081,-0.497833586,NP,M502b_2803,M502b_2803D,27.10626177,2803D,dark,-0.003745554,-0.460522907,0.460522907,-0.578885169,R,0.507846081,0.460522907
M502b_2905,28.33359101,M502b,M5,2905,29,light,T2,0.004964181,0.610355362,0.610355362,-0.341989924,NP,M502b_2905,M502b_2905D,28.25021428,2905D,dark,-0.003593797,-0.441864117,0.441864117,-0.612740016,R,0.610355362,0.441864117
M502b_3006,29.53410354,M502b,M5,3006,30,light,T2,-0.000207105,-0.025463959,0.025463959,-2.075736741,NP,M502b_3006,M502b_3006D,29.42538616,3006D,dark,-0.003857659,-0.47430636,0.47430636,-0.554592296,R,0.025463959,0.47430636
M502b_3102,30.22556431,M502b,M5,3102,31,light,T2,0.004724458,0.580880973,0.580880973,-0.38436777,NP,M502b_3102,M502b_3102D,30.36194401,3102D,dark,-0.005042754,-0.620016021,0.620016021,-0.328481816,R,0.580880973,0.620016021
M502b_3204,31.23451846,M502b,M5,3204,32,light,T2,0.00405577,0.498664582,0.498664582,-0.513053801,NP,M502b_3204,M502b_3204D,31.33796275,3204D,dark,-0.00391476,-0.481327061,0.481327061,-0.542441754,R,0.498664582,0.481327061
M502b_3305,32.38730323,M502b,M5,3305,33,light,T2,0.001844778,0.226818888,0.226818888,-1.118349119,NP,M502b_3305,M502b_3305D,32.38971474,3305D,dark,-0.003505853,-0.43105117,0.43105117,-0.632896898,R,0.226818888,0.43105117
M502b_3401,33.03428728,M502b,M5,3401,34,light,T2,-0.000243628,-0.029954489,0.029954489,-2.040570974,NP,M502b_3401,M502b_3401D,33.07560198,3401D,dark,-0.003050719,-0.375091665,0.375091665,-0.744247516,R,0.029954489,0.375091665
M502c_2701,26.45390876,M502c,M5,2701,27,light,T2,0.002717701,0.351106228,0.351106228,-0.796052429,NP,M502c_2701,M502c_2701D,26.43019417,2701D,dark,-0.003005636,-0.388305188,0.388305188,-0.716814683,R,0.351106228,0.388305188
M502c_2802,26.95631324,M502c,M5,2802,28,light,T2,0.003236113,0.418081082,0.418081082,-0.65762352,NP,M502c_2802,M502c_2802D,27.05856742,2802D,dark,-0.00300192,-0.387825103,0.387825103,-0.717798332,R,0.418081082,0.387825103
M502c_2904,28.58688328,M502c,M5,2904,29,light,T2,0.003947781,0.51002303,0.51002303,-0.494258568,NP,M502c_2904,M502c_2904D,28.41757498,2904D,dark,-0.003069138,-0.396509161,0.396509161,-0.700153345,R,0.51002303,0.396509161
M502c_3005,29.23617672,M502c,M5,3005,30,light,T2,0.000219686,0.028381789,0.028381789,-2.052746726,NP,M502c_3005,M502c_3005D,29.24082007,3005D,dark,-0.003521063,-0.454894449,0.454894449,-0.588977365,R,0.028381789,0.454894449
M502c_3101,30.36687404,M502c,M5,3101,31,light,T2,0.00454455,0.587121123,0.587121123,-0.375244695,NP,M502c_3101,M502c_3101D,30.38725367,3101D,dark,-0.003586616,-0.463363363,0.463363363,-0.573830454,R,0.587121123,0.463363363
M502c_3203,31.26550871,M502c,M5,3203,32,light,T2,0.004014873,0.5186908,0.5186908,-0.480149647,NP,M502c_3203,M502c_3203D,31.29787273,3203D,dark,-0.003728021,-0.481631838,0.481631838,-0.541917613,R,0.5186908,0.481631838
M502c_3304,32.4080494,M502c,M5,3304,33,light,T2,0.001809917,0.233827418,0.233827418,-1.097131132,NP,M502c_3304,M502c_3304D,32.39493584,3304D,dark,-0.002661195,-0.343805965,0.343805965,-0.812367828,R,0.233827418,0.343805965
M502c_3406,33.15373923,M502c,M5,3406,34,light,T2,-0.000671935,-0.086808818,0.086808818,-1.677669548,NP,M502c_3406,M502c_3406D,33.21183508,3406D,dark,-0.002265416,-0.292674382,0.292674382,-0.934774554,R,0.086808818,0.292674382
M502d_2702,26.21446392,M502d,M5,2702,27,light,T2,0.004055738,0.438371543,0.438371543,-0.619206356,NP,M502d_2702,M502d_2702D,26.25258582,2702D,dark,-0.003887704,-0.420209363,0.420209363,-0.653523928,R,0.438371543,0.420209363
M502d_2804,27.17158092,M502d,M5,2804,28,light,T2,0.004342491,0.469365737,0.469365737,-0.563232279,NP,M502d_2804,M502d_2804D,27.12646585,2804D,dark,-0.003980161,-0.430202712,0.430202712,-0.63449587,R,0.469365737,0.430202712
M502d_2905,28.41419884,M502d,M5,2905,29,light,T2,0.004808586,0.519744473,0.519744473,-0.478448026,NP,M502d_2905,M502d_2905D,28.31752618,2905D,dark,-0.003575705,-0.386486384,0.386486384,-0.720546366,R,0.519744473,0.386486384
M502d_3001,29.04320002,M502d,M5,3001,30,light,T2,0.004777656,0.516401294,0.516401294,-0.483857077,NP,M502d_3001,M502d_3001D,29.0680301,3001D,dark,-0.005094451,-0.550642728,0.550642728,-0.429794593,R,0.516401294,0.550642728
M502d_3103,30.22069823,M502d,M5,3103,31,light,T2,0.005748553,0.621342476,0.621342476,-0.326641252,NP,M502d_3103,M502d_3103D,30.21032559,3103D,dark,-0.005458025,-0.589940238,0.589940238,-0.371150297,R,0.621342476,0.589940238
M502d_3204,31.18202811,M502d,M5,3204,32,light,T2,0.004838651,0.522994125,0.522994125,-0.47321819,NP,M502d_3204,M502d_3204D,31.2779381,3204D,dark,-0.004662721,-0.50397836,0.50397836,-0.50421691,R,0.522994125,0.50397836
M502d_3306,32.57268405,M502d,M5,3306,33,light,T2,0.000278183,0.030067891,0.030067891,-2.039698726,NP,M502d_3306,M502d_3306D,32.46687064,3306D,dark,-0.003796247,-0.410324017,0.410324017,-0.672709427,R,0.030067891,0.410324017
M502d_3401,33.07559217,M502d,M5,3401,34,light,T2,-2.60E-05,-0.002809706,0.002809706,-2.274875513,NP,M502d_3401,M502d_3401D,33.09052584,3401D,dark,-0.003005439,-0.324848136,0.324848136,-0.856023502,R,0.002809706,0.324848136
M503a_2701,26.34082557,M503a,M5,2701,27,light,T3,0.003138655,0.433606941,0.433606941,-0.628095777,NP,M503a_2701,M503a_2701D,26.35515175,2701D,dark,-0.002956778,-0.408480537,0.408480537,-0.67632834,R,0.433606941,0.408480537
M503a_2803,27.14071458,M503a,M5,2803,28,light,T3,0.003156195,0.436030083,0.436030083,-0.623564994,NP,M503a_2803,M503a_2803D,27.14132484,2803D,dark,-0.003445532,-0.476002193,0.476002193,-0.55164381,R,0.436030083,0.476002193
M503a_2904,28.6271168,M503a,M5,2904,29,light,T3,0.00376983,0.520804049,0.520804049,-0.476739788,NP,M503a_2904,M503a_2904D,28.43908289,2904D,dark,-0.00327108,-0.451901488,0.451901488,-0.594385713,R,0.520804049,0.451901488
M503a_3006,29.37344768,M503a,M5,3006,30,light,T3,-0.000154277,-0.021313481,0.021313481,-2.109377329,NP,M503a_3006,M503a_3006D,29.28150816,3006D,dark,-0.002403244,-0.332009417,0.332009417,-0.839307892,R,0.021313481,0.332009417
M503a_3102,30.26616997,M503a,M5,3102,31,light,T3,0.004093731,0.565551199,0.565551199,-0.407139711,NP,M503a_3102,M503a_3102D,30.37502061,3102D,dark,-0.004402937,-0.608268199,0.608268199,-0.344932444,R,0.565551199,0.608268199
M503a_3203,31.39769327,M503a,M5,3203,32,light,T3,0.003999259,0.552499856,0.552499856,-0.426944361,NP,M503a_3203,M503a_3203D,31.38423432,3203D,dark,-0.003639358,-0.502779242,0.502779242,-0.506204249,R,0.552499856,0.502779242
M503a_3305,32.35723031,M503a,M5,3305,33,light,T3,0.002088388,0.288511901,0.288511901,-0.945431475,NP,M503a_3305,M503a_3305D,32.41738415,3305D,dark,-0.002850536,-0.39380318,0.39380318,-0.705618263,R,0.288511901,0.39380318
M503a_3406,33.10527515,M503a,M5,3406,34,light,T3,-0.000737741,-0.101919289,0.101919289,-1.599887221,NP,M503a_3406,M503a_3406D,33.18295138,3406D,dark,-0.002151549,-0.297237673,0.297237673,-0.923220505,R,0.101919289,0.297237673
M503b_2703,26.33363676,M503b,M5,2703,27,light,T3,0.003035937,0.37368746,0.37368746,-0.747207543,NP,M503b_2703,M503b_2703D,26.30472214,2703D,dark,-0.003578465,-0.440466264,0.440466264,-0.61532306,R,0.37368746,0.440466264
M503b_2804,27.1393223,M503b,M5,2804,28,light,T3,0.003327227,0.409541797,0.409541797,-0.674243395,NP,M503b_2804,M503b_2804D,27.10399885,2804D,dark,-0.003904848,-0.480640078,0.480640078,-0.543624201,R,0.409541797,0.480640078
M503b_2906,28.21418748,M503b,M5,2906,29,light,T3,0.001919786,0.236302659,0.236302659,-1.089743753,NP,M503b_2906,M503b_2906D,28.22087384,2906D,dark,-0.003838306,-0.472449506,0.472449506,-0.557830746,R,0.236302659,0.472449506
M503b_3001,29.10915241,M503b,M5,3001,30,light,T3,0.004498667,0.553732052,0.553732052,-0.425057717,NP,M503b_3001,M503b_3001D,29.0744828,3001D,dark,-0.003641605,-0.448237986,0.448237986,-0.601045805,R,0.553732052,0.448237986
M503b_3103,30.51218084,M503b,M5,3103,31,light,T3,0.0040972,0.504316253,0.504316253,-0.503657621,NP,M503b_3103,M503b_3103D,30.34206912,3103D,dark,-0.004872158,-0.599704345,0.599704345,-0.357097397,R,0.504316253,0.599704345
M503b_3205,31.42705577,M503b,M5,3205,32,light,T3,0.002986788,0.367637824,0.367637824,-0.760061163,NP,M503b_3205,M503b_3205D,31.41202528,3205D,dark,-0.002959975,-0.364337437,0.364337437,-0.767143756,R,0.367637824,0.364337437
M503b_3306,32.53770401,M503b,M5,3306,33,light,T3,0.000519303,0.063920007,0.063920007,-1.80837673,NP,M503b_3306,M503b_3306D,32.4242573,3306D,dark,-0.003305187,-0.406828918,0.406828918,-0.679581772,R,0.063920007,0.406828918
M503b_3402,32.9521349,M503b,M5,3402,34,light,T3,-0.000343604,-0.042293565,0.042293565,-1.949862996,NP,M503b_3402,M503b_3402D,33.06607978,3402D,dark,-0.003000277,-0.36929813,0.36929813,-0.756517041,R,0.042293565,0.36929813
M503c_2705,26.44347531,M503c,M5,2705,27,light,T3,0.001876265,0.366383002,0.366383002,-0.76274809,NP,M503c_2705,M503c_2705D,26.36466971,2705D,dark,-0.001743313,-0.340421143,0.340421143,-0.820023867,R,0.366383002,0.340421143
M503c_2806,27.25127118,M503c,M5,2806,28,light,T3,0.001807143,0.352885463,0.352885463,-0.792116026,NP,M503c_2806,M503c_2806D,27.18525029,2806D,dark,-0.002079141,-0.405999247,0.405999247,-0.681220098,R,0.352885463,0.405999247
M503c_2902,28.46582548,M503c,M5,2902,29,light,T3,0.003033422,0.592344049,0.592344049,-0.367672267,NP,M503c_2902,M503c_2902D,28.45328981,2902D,dark,-0.002272304,-0.443718577,0.443718577,-0.609323488,R,0.592344049,0.443718577
M503c_3003,29.33620568,M503c,M5,3003,30,light,T3,0.001696775,0.331333572,0.331333572,-0.84087354,NP,M503c_3003,M503c_3003D,29.37203324,3003D,dark,-0.002428557,-0.474230632,0.474230632,-0.554724165,R,0.331333572,0.474230632
M503c_3105,29.87725553,M503c,M5,3105,31,light,T3,0.001894349,0.369914339,0.369914339,-0.755204858,NP,M503c_3105,M503c_3105D,30.01973778,3105D,dark,-0.002781404,-0.543131799,0.543131799,-0.441405601,R,0.369914339,0.543131799
M503c_3201,31.28943567,M503c,M5,3201,32,light,T3,0.003320736,0.648448583,0.648448583,-0.289752772,NP,M503c_3201,M503c_3201D,31.29890924,3201D,dark,-0.002048057,-0.399929399,0.399929399,-0.693288392,R,0.648448583,0.399929399
M503c_3302,32.48691024,M503c,M5,3302,33,light,T3,0.002218861,0.433282699,0.433282699,-0.628703602,NP,M503c_3302,M503c_3302D,32.43714186,3302D,dark,-0.001791735,-0.349876695,0.349876695,-0.798781744,R,0.433282699,0.349876695
M503c_3404,33.14485683,M503c,M5,3404,34,light,T3,3.25E-05,0.00633777,0.00633777,-2.241134739,NP,M503c_3404,M503c_3404D,33.13203759,3404D,dark,-0.001620486,-0.316436488,0.316436488,-0.876021319,R,0.00633777,0.316436488
M503d_2705,26.4955094,M503d,M5,2705,27,light,T3,0.004578665,0.442347248,0.442347248,-0.611848803,NP,M503d_2705,M503d_2705D,26.41706955,2705D,dark,-0.004277911,-0.41329122,0.41329122,-0.666911914,R,0.442347248,0.41329122
M503d_2801,27.18859633,M503d,M5,2801,28,light,T3,0.00449426,0.434192761,0.434192761,-0.626998529,NP,M503d_2801,M503d_2801D,27.14273664,2801D,dark,-0.005514083,-0.532718465,0.532718465,-0.457729718,R,0.434192761,0.532718465
M503d_2902,28.54037168,M503d,M5,2902,29,light,T3,0.007166869,0.692394962,0.692394962,-0.232695323,NP,M503d_2902,M503d_2902D,28.49963229,2902D,dark,-0.005019949,-0.484979861,0.484979861,-0.536177858,R,0.692394962,0.484979861
M503d_3004,29.42594643,M503d,M5,3004,30,light,T3,0.001415394,0.136741981,0.136741981,-1.440784418,NP,M503d_3004,M503d_3004D,29.33589253,3004D,dark,-0.005377671,-0.519539624,0.519539624,-0.478778618,R,0.136741981,0.519539624
M503d_3106,30.06976585,M503d,M5,3106,31,light,T3,0.002080969,0.201043457,0.201043457,-1.20050065,NP,M503d_3106,M503d_3106D,30.06851633,3106D,dark,-0.005588862,-0.539942879,0.539942879,-0.446376358,R,0.201043457,0.539942879
M503d_3201,31.40303943,M503d,M5,3201,32,light,T3,0.007017638,0.677977658,0.677977658,-0.251057473,NP,M503d_3201,M503d_3201D,31.41189516,3201D,dark,-0.005149106,-0.497457841,0.497457841,-0.515071557,R,0.677977658,0.497457841
M503d_3303,32.53488081,M503d,M5,3303,33,light,T3,0.00500527,0.483561738,0.483561738,-0.538605027,NP,M503d_3303,M503d_3303D,32.48979293,3303D,dark,-0.00474275,-0.458199533,0.458199533,-0.583038795,R,0.483561738,0.458199533
M503d_3404,33.25881571,M503d,M5,3404,34,light,T3,-0.000391333,-0.037806895,0.037806895,-1.981901886,NP,M503d_3404,M503d_3404D,33.26236105,3404D,dark,-0.003598925,-0.347694033,0.347694033,-0.803645241,R,0.037806895,0.347694033
M50Ca_2705,26.51785573,M50Ca,M5,2705,27,light,C,0.005212936,0.507261315,0.507261315,-0.498796078,NP,M50Ca_2705,M50Ca_2705D,26.41775255,2705D,dark,-0.005126835,-0.498883033,0.498883033,-0.51268897,R,0.507261315,0.498883033
M50Ca_2806,27.24603197,M50Ca,M5,2806,28,light,C,0.003863358,0.375936373,0.375936373,-0.742471104,NP,M50Ca_2806,M50Ca_2806D,27.16314346,2806D,dark,-0.005924532,-0.576505411,0.576505411,-0.390814833,R,0.375936373,0.576505411
M50Ca_2902,28.45820459,M50Ca,M5,2902,29,light,C,0.008155622,0.7936087,0.7936087,-0.112487295,NP,M50Ca_2902,M50Ca_2902D,28.43252291,2902D,dark,-0.005514663,-0.536621857,0.536621857,-0.451579431,R,0.7936087,0.536621857
M50Ca_3003,29.23151756,M50Ca,M5,3003,30,light,C,0.004769402,0.464101841,0.464101841,-0.572520475,NP,M50Ca_3003,M50Ca_3003D,29.27184721,3003D,dark,-0.007211628,-0.701750358,0.701750358,-0.220957993,R,0.464101841,0.701750358
M50Ca_3105,30.0699239,M50Ca,M5,3105,31,light,C,0.00554411,0.539487264,0.539487264,-0.447088573,NP,M50Ca_3105,M50Ca_3105D,30.17584158,3105D,dark,-0.006545258,-0.636907195,0.636907195,-0.305293317,R,0.539487264,0.636907195
M50Ca_3201,31.34643096,M50Ca,M5,3201,32,light,C,0.007209701,0.701562883,0.701562883,-0.221191853,NP,M50Ca_3201,M50Ca_3201D,31.35230772,3201D,dark,-0.005271222,-0.512933019,0.512933019,-0.489499617,R,0.701562883,0.512933019
M50Ca_3302,32.43015666,M50Ca,M5,3302,33,light,C,0.005160778,0.50218594,0.50218594,-0.507189012,NP,M50Ca_3302,M50Ca_3302D,32.37973285,3302D,dark,-0.004551161,-0.442865176,0.442865176,-0.610894284,R,0.50218594,0.442865176
M50Ca_3404,33.18135662,M50Ca,M5,3404,34,light,C,-0.001001517,-0.097455834,0.097455834,-1.622240347,NP,M50Ca_3404,M50Ca_3404D,33.17706605,3404D,dark,-0.003631345,-0.35335956,0.35335956,-0.791069738,R,0.097455834,0.35335956
M50Cb_2702,26.41612588,M50Cb,M5,2702,27,light,C,0.004118891,0.431796645,0.431796645,-0.631494109,NP,M50Cb_2702,M50Cb_2702D,26.3848314,2702D,dark,-0.004565392,-0.478604833,0.478604833,-0.547135534,R,0.431796645,0.478604833
M50Cb_2804,27.24797158,M50Cb,M5,2804,28,light,C,0.005020005,0.526263364,0.526263364,-0.467984287,NP,M50Cb_2804,M50Cb_2804D,27.21311996,2804D,dark,-0.004859611,-0.50944874,0.50944874,-0.495200435,R,0.526263364,0.50944874
M50Cb_2905,28.38731382,M50Cb,M5,2905,29,light,C,0.005736017,0.601325205,0.601325205,-0.354783583,NP,M50Cb_2905,M50Cb_2905D,28.31539819,2905D,dark,-0.005364999,-0.562430231,0.562430231,-0.411840038,R,0.601325205,0.562430231
M50Cb_3001,29.01960246,M50Cb,M5,3001,30,light,C,0.005811236,0.609210658,0.609210658,-0.343602677,NP,M50Cb_3001,M50Cb_3001D,29.03447068,3001D,dark,-0.006017297,-0.630812774,0.630812774,-0.313597976,R,0.609210658,0.630812774
M50Cb_3103,30.68093916,M50Cb,M5,3103,31,light,C,0.006458062,0.67701952,0.67701952,-0.252289807,NP,M50Cb_3103,M50Cb_3103D,30.47683948,3103D,dark,-0.005995054,-0.628480932,0.628480932,-0.316793828,R,0.67701952,0.628480932
M50Cb_3204,31.19506624,M50Cb,M5,3204,32,light,C,0.005839752,0.612200139,0.612200139,-0.339396313,NP,M50Cb_3204,M50Cb_3204D,31.28249175,3204D,dark,-0.005439181,-0.570206915,0.570206915,-0.400168786,R,0.612200139,0.570206915
M50Cb_3306,32.28596855,M50Cb,M5,3306,33,light,C,-0.000133131,-0.013956518,0.013956518,-2.171938321,NP,M50Cb_3306,M50Cb_3306D,32.29076151,3306D,dark,-0.004396911,-0.460942467,0.460942467,-0.578136933,R,0.013956518,0.460942467
M50Cb_3401,33.16716834,M50Cb,M5,3401,34,light,C,0.000105941,0.011106169,0.011106169,-2.19726906,NP,M50Cb_3401,M50Cb_3401D,33.18267691,3401D,dark,-0.003752849,-0.39342328,0.39342328,-0.706387892,R,0.011106169,0.39342328
M50Cc_2701,26.41487449,M50Cc,M5,2701,27,light,C,0.003364387,0.427326728,0.427326728,-0.639934946,NP,M50Cc_2701,M50Cc_2701D,26.40097927,2701D,dark,-0.002880234,-0.365832164,0.365832164,-0.763929872,R,0.427326728,0.365832164
M50Cc_2802,27.13856787,M50Cc,M5,2802,28,light,C,0.004322023,0.548960592,0.548960592,-0.432383285,NP,M50Cc_2802,M50Cc_2802D,27.15223998,2802D,dark,-0.003828353,-0.486257209,0.486257209,-0.533996662,R,0.548960592,0.486257209
M50Cc_2904,28.73473366,M50Cc,M5,2904,29,light,C,0.004598518,0.584079465,0.584079465,-0.379681192,NP,M50Cc_2904,M50Cc_2904D,28.49171894,2904D,dark,-0.004233347,-0.537697461,0.537697461,-0.449891307,R,0.584079465,0.537697461
M50Cc_3005,29.31360184,M50Cc,M5,3005,30,light,C,0.00057514,0.073051235,0.073051235,-1.75416757,NP,M50Cc_3005,M50Cc_3005D,29.32268633,3005D,dark,-0.004031116,-0.512011128,0.512011128,-0.491004814,R,0.073051235,0.512011128
M50Cc_3101,30.36474967,M50Cc,M5,3101,31,light,C,0.006097717,0.774499912,0.774499912,-0.134103085,NP,M50Cc_3101,M50Cc_3101D,30.3789721,3101D,dark,-0.004618099,-0.586566646,0.586566646,-0.376051977,R,0.774499912,0.586566646
M50Cc_3203,31.24165259,M50Cc,M5,3203,32,light,C,0.004980121,0.632548777,0.632548777,-0.311225351,NP,M50Cc_3203,M50Cc_3203D,31.28009201,3203D,dark,-0.004219089,-0.535886432,0.535886432,-0.452735297,R,0.632548777,0.535886432
M50Cc_3304,32.46674477,M50Cc,M5,3304,33,light,C,0.002551079,0.324024573,0.324024573,-0.857963869,NP,M50Cc_3304,M50Cc_3304D,32.43402673,3304D,dark,-0.003564974,-0.452804156,0.452804156,-0.592751488,R,0.324024573,0.452804156
M50Cc_3406,33.10197827,M50Cc,M5,3406,34,light,C,-0.001064735,-0.135236967,0.135236967,-1.447161901,NP,M50Cc_3406,M50Cc_3406D,33.16488881,3406D,dark,-0.002597651,-0.329939938,0.329939938,-0.844109759,R,0.135236967,0.329939938
M50Cd_2701,26.50462592,M50Cd,M5,2701,27,light,C,0.004805201,1.863015459,1.863015459,0.674481791,NP,M50Cd_2701,M50Cd_2701D,26.48682521,2701D,dark,-0.005990891,-2.322717009,2.322717009,0.884889641,R,1.863015459,2.322717009
M50Cd_2803,27.06772631,M50Cd,M5,2803,28,light,C,0.006018329,2.333354827,2.333354827,0.889270893,NP,M50Cd_2803,M50Cd_2803D,27.14321683,2803D,dark,-0.005349395,-2.074003675,2.074003675,0.776570479,R,2.333354827,2.074003675
M50Cd_2904,28.64926439,M50Cd,M5,2904,29,light,C,0.00710681,2.755367819,2.755367819,1.049200668,NP,M50Cd_2904,M50Cd_2904D,28.48030385,2904D,dark,-0.005782244,-2.241822679,2.241822679,0.850929549,R,2.755367819,2.241822679
M50Cd_3006,29.452809,M50Cd,M5,3006,30,light,C,-0.000420847,-0.163165618,0.163165618,-1.33497172,NP,M50Cd_3006,M50Cd_3006D,29.35940289,3006D,dark,-0.00580451,-2.250455515,2.250455515,0.854609146,R,0.163165618,2.250455515
M50Cd_3102,30.38137227,M50Cd,M5,3102,31,light,C,0.00688868,2.67079689,2.67079689,1.019134965,NP,M50Cd_3102,M50Cd_3102D,30.4694695,3102D,dark,-0.005542115,-2.148722981,2.148722981,0.810362491,R,2.67079689,2.148722981
M50Cd_3203,31.32223235,M50Cd,M5,3203,32,light,C,0.006971202,2.702791383,2.702791383,1.030615843,NP,M50Cd_3203,M50Cd_3203D,31.35125839,3203D,dark,-0.005820144,-2.256516958,2.256516958,0.857184664,R,2.702791383,2.256516958
M50Cd_3305,32.45307145,M50Cd,M5,3305,33,light,C,0.003134949,1.215445033,1.215445033,0.274175037,NP,M50Cd_3305,M50Cd_3305D,32.4599165,3305D,dark,-0.004804717,-1.862827845,1.862827845,0.674386212,R,1.215445033,1.862827845
M50Cd_3407,33.13682895,M50Cd,M5,3407,34,light,C,-0.000713317,-0.276558838,0.276558838,-0.976680967,NP,M50Cd_3407,M50Cd_3407D,33.19704543,3407D,dark,-0.003505596,-1.359147794,1.359147794,0.377852563,R,0.276558838,1.359147794
M601a_2705,26.40911114,M601a,M6,2705,27,light,T1,0.002406798,0.460270626,0.460270626,-0.579335351,NP,M601a_2705,M601a_2705D,26.34726055,2705D,dark,-0.001900355,-0.363419668,0.363419668,-0.769122226,R,0.460270626,0.363419668
M601a_2806,27.29089219,M601a,M6,2806,28,light,T1,0.002079965,0.397767749,0.397767749,-0.697621679,NP,M601a_2806,M601a_2806D,27.19516112,2806D,dark,-0.002207947,-0.422242705,0.422242705,-0.649622847,R,0.397767749,0.422242705
M601a_2902,28.56582023,M601a,M6,2902,29,light,T1,0.003564596,0.681685245,0.681685245,-0.24630312,NP,M601a_2902,M601a_2902D,28.5463214,2902D,dark,-0.002126622,-0.406690377,0.406690377,-0.679855159,R,0.681685245,0.406690377
M601a_3003,29.32468353,M601a,M6,3003,30,light,T1,0.002490519,0.476281139,0.476281139,-0.551159649,NP,M601a_3003,M601a_3003D,29.35515958,3003D,dark,-0.002665855,-0.509812075,0.509812075,-0.494604443,R,0.476281139,0.509812075
M601a_3105,30.09948507,M601a,M6,3105,31,light,T1,0.003390115,0.648317849,0.648317849,-0.28992746,NP,M601a_3105,M601a_3105D,30.15073981,3105D,dark,-0.002549745,-0.487607523,0.487607523,-0.531696032,R,0.648317849,0.487607523
M601a_3201,31.39057931,M601a,M6,3201,32,light,T1,0.004880761,0.933385621,0.933385621,0.032840423,NP,M601a_3201,M601a_3201D,31.3687362,3201D,dark,-0.002495019,-0.477141755,0.477141755,-0.549667367,R,0.933385621,0.477141755
M601a_3302,32.39024922,M601a,M6,3302,33,light,T1,0.002869322,0.548722648,0.548722648,-0.432750006,NP,M601a_3302,M601a_3302D,32.36317841,3302D,dark,-0.002422213,-0.463218457,0.463218457,-0.574087702,R,0.548722648,0.463218457
M601a_3404,33.23344727,M601a,M6,3404,34,light,T1,0.00078921,0.150926778,0.150926778,-1.382594104,NP,M601a_3404,M601a_3404D,33.22660686,3404D,dark,-0.001658851,-0.317234974,0.317234974,-0.874105729,R,0.150926778,0.317234974
M601b_2701,26.44632332,M601b,M6,2701,27,light,T1,0.003022462,0.663930939,0.663930939,-0.269277888,NP,M601b_2701,M601b_2701D,26.40836901,2701D,dark,-0.002084502,-0.457893394,0.457893394,-0.583587385,R,0.663930939,0.457893394
M601b_2802,27.23649537,M601b,M6,2802,28,light,T1,0.003419617,0.751172284,0.751172284,-0.161140722,NP,M601b_2802,M601b_2802D,27.21773088,2802D,dark,-0.002528852,-0.555501667,0.555501667,-0.422354432,R,0.751172284,0.555501667
M601b_2904,28.66475495,M601b,M6,2904,29,light,T1,0.0038416,0.84386732,0.84386732,-0.057769673,NP,M601b_2904,M601b_2904D,28.43982301,2904D,dark,-0.002750059,-0.604093314,0.604093314,-0.350844384,R,0.84386732,0.604093314
M601b_3005,29.30248639,M601b,M6,3005,30,light,T1,0.000872484,0.191654648,0.191654648,-1.232184888,NP,M601b_3005,M601b_3005D,29.31943646,3005D,dark,-0.002296866,-0.504542527,0.504542527,-0.503283261,R,0.191654648,0.504542527
M601b_3101,30.27211728,M601b,M6,3101,31,light,T1,0.004397012,0.965872211,0.965872211,0.063793442,NP,M601b_3101,M601b_3101D,30.30668222,3101D,dark,-0.002746233,-0.603252884,0.603252884,-0.352038731,R,0.965872211,0.603252884
M601b_3203,31.3384851,M601b,M6,3203,32,light,T1,0.003930673,0.863433541,0.863433541,-0.03725177,NP,M601b_3203,M601b_3203D,31.38665978,3203D,dark,-0.002421964,-0.532022166,0.532022166,-0.458830812,R,0.863433541,0.532022166
M601b_3304,32.33406579,M601b,M6,3304,33,light,T1,0.002018035,0.443292774,0.443292774,-0.610106926,NP,M601b_3304,M601b_3304D,32.344849,3304D,dark,-0.00225241,-0.494776884,0.494776884,-0.519568928,R,0.443292774,0.494776884
M601b_3406,32.94159232,M601b,M6,3406,34,light,T1,-0.000527335,-0.115837454,0.115837454,-1.533229685,NP,M601b_3406,M601b_3406D,33.04666869,3406D,dark,-0.00206093,-0.452715344,0.452715344,-0.592912159,R,0.115837454,0.452715344
M601c_2704,26.37012921,M601c,M6,2704,27,light,T1,0.002547985,0.544063104,0.544063104,-0.43995857,NP,M601c_2704,M601c_2704D,26.31588661,2704D,dark,-0.001766232,-0.377137894,0.377137894,-0.739949744,R,0.544063104,0.377137894
M601c_2806,27.32618607,M601c,M6,2806,28,light,T1,0.002062684,0.440438456,0.440438456,-0.615374513,NP,M601c_2806,M601c_2806D,27.24473616,2806D,dark,-0.002143513,-0.457697501,0.457697501,-0.583938576,R,0.440438456,0.457697501
M601c_2901,28.23460825,M601c,M6,2901,29,light,T1,0.004497029,0.96023634,0.96023634,0.058491845,NP,M601c_2901,M601c_2901D,28.1478494,2901D,dark,-0.002312505,-0.493781856,0.493781856,-0.521243273,R,0.96023634,0.493781856
M601c_3003,29.35773685,M601c,M6,3003,30,light,T1,0.002427552,0.518347571,0.518347571,-0.480704567,NP,M601c_3003,M601c_3003D,29.36418131,3003D,dark,-0.002619115,-0.559251354,0.559251354,-0.4166504,R,0.518347571,0.559251354
M601c_3105,29.9536235,M601c,M6,3105,31,light,T1,0.003185212,0.680128127,0.680128127,-0.248297107,NP,M601c_3105,M601c_3105D,30.06109257,3105D,dark,-0.002639084,-0.56351531,0.56351531,-0.410203352,R,0.680128127,0.56351531
M601c_3206,31.15365516,M601c,M6,3206,32,light,T1,0.000611677,0.130609466,0.130609466,-1.467029624,NP,M601c_3206,M601c_3206D,31.24171374,3206D,dark,-0.002630236,-0.561626015,0.561626015,-0.413054815,R,0.130609466,0.561626015
M601c_3302,32.61186898,M601c,M6,3302,33,light,T1,0.001964361,0.419443791,0.419443791,-0.654996673,NP,M601c_3302,M601c_3302D,32.50237946,3302D,dark,-0.001913363,-0.408554424,0.408554424,-0.67618304,R,0.419443791,0.408554424
M601c_3403,33.12428359,M601c,M6,3403,34,light,T1,0.000406286,0.086752982,0.086752982,-1.677968486,NP,M601c_3403,M601c_3403D,33.13450155,3403D,dark,-0.001044611,-0.22305238,0.22305238,-1.1299408,R,0.086752982,0.22305238
M601d_2705,26.40437636,M601d,M6,2705,27,light,T1,0.002579773,0.488190034,0.488190034,-0.530705196,NP,M601d_2705,M601d_2705D,26.32289628,2705D,dark,-0.001877538,-0.355300849,0.355300849,-0.786796871,R,0.488190034,0.355300849
M601d_2801,27.18762583,M601d,M6,2801,28,light,T1,0.002774403,0.525021387,0.525021387,-0.46996941,NP,M601d_2801,M601d_2801D,27.15955727,2801D,dark,-0.002132737,-0.40359398,0.40359398,-0.68598493,R,0.525021387,0.40359398
M601d_2902,28.41615608,M601d,M6,2902,29,light,T1,0.00399419,0.755850897,0.755850897,-0.155659104,NP,M601d_2902,M601d_2902D,28.40826379,2902D,dark,-0.00214248,-0.405437754,0.405437754,-0.682330385,R,0.755850897,0.405437754
M601d_3004,29.37701222,M601d,M6,3004,30,light,T1,0.001229428,0.232654073,0.232654073,-1.10065215,NP,M601d_3004,M601d_3004D,29.32475972,3004D,dark,-0.002468559,-0.467144247,0.467144247,-0.567141603,R,0.232654073,0.467144247
M601d_3106,29.98782707,M601d,M6,3106,31,light,T1,0.002279988,0.431459376,0.431459376,-0.632128517,NP,M601d_3106,M601d_3106D,30.00548395,3106D,dark,-0.002461583,-0.465824088,0.465824088,-0.569472047,R,0.431459376,0.465824088
M601d_3201,31.33169213,M601d,M6,3201,32,light,T1,0.003896511,0.737366309,0.737366309,-0.177493659,NP,M601d_3201,M601d_3201D,31.34827889,3201D,dark,-0.002363369,-0.447238309,0.447238309,-0.602870906,R,0.737366309,0.447238309
M601d_3303,32.49237472,M601d,M6,3303,33,light,T1,0.002470445,0.467501159,0.467501159,-0.566512488,NP,M601d_3303,M601d_3303D,32.44109911,3303D,dark,-0.00166371,-0.314836574,0.314836574,-0.879870633,R,0.467501159,0.314836574
M601d_3404,33.14150519,M601d,M6,3404,34,light,T1,0.000116417,0.022030405,0.022030405,-2.103485041,NP,M601d_3404,M601d_3404D,33.15047389,3404D,dark,-0.001327637,-0.251238788,0.251238788,-1.04628898,R,0.022030405,0.251238788
M602a_2701,26.43866805,M602a,M6,2701,27,light,T2,0.00266222,0.4099111,0.4099111,-0.673518881,NP,M602a_2701,M602a_2701D,26.40274527,2701D,dark,-0.002997873,-0.461592658,0.461592658,-0.5769785,R,0.4099111,0.461592658
M602a_2803,27.07756725,M602a,M6,2803,28,light,T2,0.003406303,0.524480107,0.524480107,-0.470835804,NP,M602a_2803,M602a_2803D,27.1031223,2803D,dark,-0.002970438,-0.457368372,0.457368372,-0.584528908,R,0.524480107,0.457368372
M602a_2904,28.68143306,M602a,M6,2904,29,light,T2,0.003452858,0.531648215,0.531648215,-0.459422662,NP,M602a_2904,M602a_2904D,28.47952617,2904D,dark,-0.002869232,-0.441785343,0.441785343,-0.612885401,R,0.531648215,0.441785343
M602a_3006,29.57192266,M602a,M6,3006,30,light,T2,0.000283938,0.043718913,0.043718913,-1.939895877,NP,M602a_3006,M602a_3006D,29.44874705,3006D,dark,-0.002628645,-0.404741334,0.404741334,-0.68370919,R,0.043718913,0.404741334
M602a_3102,30.24488705,M602a,M6,3102,31,light,T2,0.004294559,0.661247815,0.661247815,-0.272796331,NP,M602a_3102,M602a_3102D,30.38623526,3102D,dark,-0.002922347,-0.449963694,0.449963694,-0.597903014,R,0.661247815,0.449963694
M602a_3203,31.30394894,M602a,M6,3203,32,light,T2,0.003572865,0.550126205,0.550126205,-0.430588773,NP,M602a_3203,M602a_3203D,31.33747019,3203D,dark,-0.002449882,-0.377216673,0.377216673,-0.73978465,R,0.550126205,0.377216673
M602a_3305,32.2924029,M602a,M6,3305,33,light,T2,0.001424959,0.21940574,0.21940574,-1.141293072,NP,M602a_3305,M602a_3305D,32.34421916,3305D,dark,-0.002273072,-0.349992586,0.349992586,-0.798524171,R,0.21940574,0.349992586
M602a_3406,33.19552568,M602a,M6,3406,34,light,T2,-0.000726086,-0.111797858,0.111797858,-1.552122961,NP,M602a_3406,M602a_3406D,33.20591175,3406D,dark,-0.002060071,-0.317196165,0.317196165,-0.874198749,R,0.111797858,0.317196165
M602b_2706,26.37300328,M602b,M6,2706,27,light,T2,0.002017309,0.320793372,0.320793372,-0.86561337,NP,M602b_2706,M602b_2706D,26.33520966,2706D,dark,-0.002260966,-0.359539869,0.359539869,-0.777529576,R,0.320793372,0.359539869
M602b_2802,27.16379897,M602b,M6,2802,28,light,T2,0.002792976,0.444140244,0.444140244,-0.608548263,NP,M602b_2802,M602b_2802D,27.16133656,2802D,dark,-0.002411871,-0.383536764,0.383536764,-0.726627929,R,0.444140244,0.383536764
M602b_2903,28.40655733,M602b,M6,2903,29,light,T2,0.003580752,0.569412779,0.569412779,-0.401354401,NP,M602b_2903,M602b_2903D,28.31771384,2903D,dark,-0.002507199,-0.398695812,0.398695812,-0.695758964,R,0.569412779,0.398695812
M602b_3005,29.19965464,M602b,M6,3005,30,light,T2,0.000979162,0.15570674,0.15570674,-1.363724039,NP,M602b_3005,M602b_3005D,29.22447291,3005D,dark,-0.002140846,-0.340438331,0.340438331,-0.819984842,R,0.15570674,0.340438331
M602b_3101,30.42266533,M602b,M6,3101,31,light,T2,0.00439134,0.698312837,0.698312837,-0.225254732,NP,M602b_3101,M602b_3101D,30.42343492,3101D,dark,-0.002988126,-0.475173084,0.475173084,-0.553084268,R,0.698312837,0.475173084
M602b_3202,31.30294727,M602b,M6,3202,32,light,T2,0.003826214,0.60844622,0.60844622,-0.34468113,NP,M602b_3202,M602b_3202D,31.33908728,3202D,dark,-0.002795049,-0.44446983,0.44446983,-0.607942747,R,0.60844622,0.44446983
M602b_3304,32.34450075,M602b,M6,3304,33,light,T2,0.00168923,0.268622065,0.268622065,-0.997983375,NP,M602b_3304,M602b_3304D,32.34123554,3304D,dark,-0.002283121,-0.363062916,0.363062916,-0.769892345,R,0.268622065,0.363062916
M602b_3405,33.05790688,M602b,M6,3405,34,light,T2,-0.000455061,-0.072364035,0.072364035,-1.758146558,NP,M602b_3405,M602b_3405D,33.08805109,3405D,dark,-0.002026077,-0.322187586,0.322187586,-0.862305548,R,0.072364035,0.322187586
M602c_2705,26.37971919,M602c,M6,2705,27,light,T2,0.003169951,0.524468917,0.524468917,-0.470853723,NP,M602c_2705,M602c_2705D,26.30974367,2705D,dark,-0.002412859,-0.399207876,0.399207876,-0.694732684,R,0.524468917,0.399207876
M602c_2801,27.2263183,M602c,M6,2801,28,light,T2,0.003188828,0.527592025,0.527592025,-0.465864966,NP,M602c_2801,M602c_2801D,27.13396391,2801D,dark,-0.003003141,-0.496870145,0.496870145,-0.516055701,R,0.527592025,0.496870145
M602c_2902,28.49684891,M602c,M6,2902,29,light,T2,0.003428947,0.567319751,0.567319751,-0.40448596,NP,M602c_2902,M602c_2902D,28.48908908,2902D,dark,-0.003243914,-0.536706055,0.536706055,-0.451447182,R,0.567319751,0.536706055
M602c_3004,29.3376388,M602c,M6,3004,30,light,T2,0.000957636,0.158441065,0.158441065,-1.353087598,NP,M602c_3004,M602c_3004D,29.28435333,3004D,dark,-0.003000311,-0.496401958,0.496401958,-0.516840414,R,0.158441065,0.496401958
M602c_3106,30.07178241,M602c,M6,3106,31,light,T2,0.001571161,0.259948792,0.259948792,-1.021793503,NP,M602c_3106,M602c_3106D,30.06942283,3106D,dark,-0.003126677,-0.517309167,0.517309167,-0.4823853,R,0.259948792,0.517309167
M602c_3201,31.17822921,M602c,M6,3201,32,light,T2,0.004047931,0.669730716,0.669730716,-0.261714545,NP,M602c_3201,M602c_3201D,31.24514911,3201D,dark,-0.003032233,-0.501683457,0.501683457,-0.50802379,R,0.669730716,0.501683457
M602c_3303,32.32113075,M602c,M6,3303,33,light,T2,0.001364007,0.225675095,0.225675095,-1.121855037,NP,M602c_3303,M602c_3303D,32.32953936,3303D,dark,-0.002309387,-0.382088416,0.382088416,-0.729627747,R,0.225675095,0.382088416
M602c_3404,33.07969292,M602c,M6,3404,34,light,T2,-0.001252545,-0.207233688,0.207233688,-1.180146621,NP,M602c_3404,M602c_3404D,33.10798975,3404D,dark,-0.002556141,-0.422913952,0.422913952,-0.648338356,R,0.207233688,0.422913952
M602d_2703,26.43874085,M602d,M6,2703,27,light,T2,0.004673605,0.468997047,0.468997047,-0.563880034,NP,M602d_2703,M602d_2703D,26.40627156,2703D,dark,-0.004182137,-0.419678159,0.419678159,-0.654545585,R,0.468997047,0.419678159
M602d_2805,27.35874233,M602d,M6,2805,28,light,T2,0.004488202,0.45039183,0.45039183,-0.597124837,NP,M602d_2805,M602d_2805D,27.29318389,2805D,dark,-0.003731095,-0.374415962,0.374415962,-0.745670786,R,0.45039183,0.374415962
M602d_2906,28.20061084,M602d,M6,2906,29,light,T2,0.003410861,0.342280445,0.342280445,-0.815811108,NP,M602d_2906,M602d_2906D,28.20437926,2906D,dark,-0.004354539,-0.436978665,0.436978665,-0.621796915,R,0.342280445,0.436978665
M602d_3002,29.38550441,M602d,M6,3002,30,light,T2,0.005735887,0.575597198,0.575597198,-0.392158241,NP,M602d_3002,M602d_3002D,29.35224437,3002D,dark,-0.00459212,-0.460820005,0.460820005,-0.578355272,R,0.575597198,0.460820005
M602d_3104,29.9710565,M602d,M6,3104,31,light,T2,0.006793275,0.681706234,0.681706234,-0.246276268,NP,M602d_3104,M602d_3104D,30.01988497,3104D,dark,-0.004668497,-0.468484404,0.468484404,-0.5647814,R,0.681706234,0.468484404
M602d_3205,31.39725609,M602d,M6,3205,32,light,T2,0.003949997,0.396382874,0.396382874,-0.700407726,NP,M602d_3205,M602d_3205D,31.44594436,3205D,dark,-0.004716777,-0.473329399,0.473329399,-0.556294861,R,0.396382874,0.473329399
M602d_3301,32.35668305,M602d,M6,3301,33,light,T2,0.003607558,0.362019086,0.362019086,-0.772149077,NP,M602d_3301,M602d_3301D,32.45614179,3301D,dark,-0.004817899,-0.483477006,0.483477006,-0.538750236,R,0.362019086,0.483477006
M602d_3402,33.0867253,M602d,M6,3402,34,light,T2,-0.001370179,-0.13749772,0.13749772,-1.437597257,NP,M602d_3402,M602d_3402D,33.17301598,3402D,dark,-0.003507948,-0.352023131,0.352023131,-0.794021926,R,0.13749772,0.352023131
M603a_2704,26.50516698,M603a,M6,2704,27,light,T3,0.003143977,0.529891265,0.529891265,-0.462208071,NP,M603a_2704,M603a_2704D,26.43449615,2704D,dark,-0.002237307,-0.377079522,0.377079522,-0.740072089,R,0.529891265,0.377079522
M603a_2806,27.21121343,M603a,M6,2806,28,light,T3,0.002503007,0.421861051,0.421861051,-0.650353912,NP,M603a_2806,M603a_2806D,27.14135358,2806D,dark,-0.002810384,-0.473666866,0.473666866,-0.555706424,R,0.421861051,0.473666866
M603a_2901,28.32433384,M603a,M6,2901,29,light,T3,0.004346496,0.732565871,0.732565871,-0.183242936,NP,M603a_2901,M603a_2901D,28.22397199,2901D,dark,-0.002358537,-0.397511841,0.397511841,-0.698135921,R,0.732565871,0.397511841
M603a_3003,29.2507284,M603a,M6,3003,30,light,T3,0.002937291,0.495055932,0.495055932,-0.519099874,NP,M603a_3003,M603a_3003D,29.28973913,3003D,dark,-0.003220141,-0.542728052,0.542728052,-0.442033581,R,0.495055932,0.542728052
M603a_3105,30.06730616,M603a,M6,3105,31,light,T3,0.003441579,0.580049599,0.580049599,-0.385589544,NP,M603a_3105,M603a_3105D,30.17750254,3105D,dark,-0.002874242,-0.484429643,0.484429643,-0.537118877,R,0.580049599,0.484429643
M603a_3206,31.28828068,M603a,M6,3206,32,light,T3,0.001090738,0.183834891,0.183834891,-1.25936258,NP,M603a_3206,M603a_3206D,31.33895065,3206D,dark,-0.002337076,-0.393894698,0.393894698,-0.705432946,R,0.183834891,0.393894698
M603a_3302,32.52109016,M603a,M6,3302,33,light,T3,0.002320834,0.391157229,0.391157229,-0.71099098,NP,M603a_3302,M603a_3302D,32.43861551,3302D,dark,-0.001849428,-0.31170581,0.31170581,-0.887446237,R,0.391157229,0.31170581
M603a_3403,33.21544359,M603a,M6,3403,34,light,T3,-8.12E-05,-0.013687418,0.013687418,-2.174302548,NP,M603a_3403,M603a_3403D,33.22452937,3403D,dark,-0.001602582,-0.270101828,0.270101828,-0.993977099,R,0.013687418,0.270101828
M603b_2706,26.37612772,M603b,M6,2706,27,light,T3,0.00203649,0.346260188,0.346260188,-0.806853115,NP,M603b_2706,M603b_2706D,26.318431,2706D,dark,-0.002060872,-0.350405864,0.350405864,-0.797606182,R,0.346260188,0.350405864
M603b_2801,27.06528221,M603b,M6,2801,28,light,T3,0.002348018,0.399228655,0.399228655,-0.694691062,NP,M603b_2801,M603b_2801D,27.03669229,2801D,dark,-0.002597028,-0.441567322,0.441567322,-0.613287896,R,0.399228655,0.441567322
M603b_2903,28.45515226,M603b,M6,2903,29,light,T3,0.003087963,0.525040005,0.525040005,-0.469939623,NP,M603b_2903,M603b_2903D,28.33695894,2903D,dark,-0.002297191,-0.390586694,0.390586694,-0.712153269,R,0.525040005,0.390586694
M603b_3004,29.28526478,M603b,M6,3004,30,light,T3,0.000792453,0.134739179,0.134739179,-1.449280257,NP,M603b_3004,M603b_3004D,29.20079472,3004D,dark,-0.002716786,-0.461929555,0.461929555,-0.576378785,R,0.134739179,0.461929555
M603b_3106,29.94601464,M603b,M6,3106,31,light,T3,0.001586318,0.269718375,0.269718375,-0.995013711,NP,M603b_3106,M603b_3106D,29.99020569,3106D,dark,-0.002906969,-0.494266026,0.494266026,-0.520428205,R,0.269718375,0.494266026
M603b_3202,31.32580887,M603b,M6,3202,32,light,T3,0.004016885,0.68298272,0.68298272,-0.244644652,NP,M603b_3202,M603b_3202D,31.33919731,3202D,dark,-0.002535624,-0.43112695,0.43112695,-0.632754209,R,0.68298272,0.43112695
M603b_3303,32.51138627,M603b,M6,3303,33,light,T3,0.002343079,0.39838894,0.39838894,-0.696374503,NP,M603b_3303,M603b_3303D,32.49920842,3303D,dark,-0.002037994,-0.346515993,0.346515993,-0.806280061,R,0.39838894,0.346515993
M603b_3405,33.07398551,M603b,M6,3405,34,light,T3,-0.000140683,-0.023920108,0.023920108,-2.08811821,NP,M603b_3405,M603b_3405D,33.11464154,3405D,dark,-0.001570025,-0.266948143,0.266948143,-1.00253474,R,0.023920108,0.266948143
M603c_2706,26.30522994,M603c,M6,2706,27,light,T3,0.002422571,0.355377965,0.355377965,-0.786627513,NP,M603c_2706,M603c_2706D,26.27154605,2706D,dark,-0.002742985,-0.402380906,0.402380906,-0.68839667,R,0.355377965,0.402380906
M603c_2802,27.13817963,M603c,M6,2802,28,light,T3,0.003263637,0.47875776,0.47875776,-0.546871266,NP,M603c_2802,M603c_2802D,27.1887396,2802D,dark,-0.003176054,-0.465909734,0.465909734,-0.569320693,R,0.47875776,0.465909734
M603c_2903,28.41650127,M603c,M6,2903,29,light,T3,0.003919047,0.574902865,0.574902865,-0.393186502,NP,M603c_2903,M603c_2903D,28.32050193,2903D,dark,-0.002889347,-0.423851494,0.423851494,-0.646547042,R,0.574902865,0.423851494
M603c_3005,29.15952226,M603c,M6,3005,30,light,T3,0.000681659,0.09999568,0.09999568,-1.609459511,NP,M603c_3005,M603c_3005D,29.19871062,3005D,dark,-0.003094173,-0.453898252,0.453898252,-0.59077427,R,0.09999568,0.453898252
M603c_3101,30.39490647,M603c,M6,3101,31,light,T3,0.004282042,0.628152204,0.628152204,-0.317245182,NP,M603c_3101,M603c_3101D,30.40916792,3101D,dark,-0.003136934,-0.460171079,0.460171079,-0.579513044,R,0.628152204,0.460171079
M603c_3202,31.37259641,M603c,M6,3202,32,light,T3,0.004582558,0.672236238,0.672236238,-0.258464768,NP,M603c_3202,M603c_3202D,31.38126711,3202D,dark,-0.00265957,-0.390144397,0.390144397,-0.713055244,R,0.672236238,0.390144397
M603c_3304,32.4310354,M603c,M6,3304,33,light,T3,0.002316576,0.339829025,0.339829025,-0.821369208,NP,M603c_3304,M603c_3304D,32.46358699,3304D,dark,-0.002400391,-0.352124213,0.352124213,-0.793798329,R,0.339829025,0.352124213
M603c_3405,33.12131622,M603c,M6,3405,34,light,T3,-0.000815835,-0.119678574,0.119678574,-1.515589827,NP,M603c_3405,M603c_3405D,33.14045965,3405D,dark,-0.002304408,-0.338044145,0.338044145,-0.825435586,R,0.119678574,0.338044145
M603d_2702,26.24405966,M603d,M6,2702,27,light,T3,0.00334819,0.509121838,0.509121838,-0.495736969,NP,M603d_2702,M603d_2702D,26.277852,2702D,dark,-0.003152432,-0.479355145,0.479355145,-0.545839614,R,0.509121838,0.479355145
M603d_2804,27.18215571,M603d,M6,2804,28,light,T3,0.003840714,0.584014477,0.584014477,-0.379776197,NP,M603d_2804,M603d_2804D,27.14681383,2804D,dark,-0.003061579,-0.465540104,0.465540104,-0.569974068,R,0.584014477,0.465540104
M603d_2905,28.26763611,M603d,M6,2905,29,light,T3,0.004010671,0.609857928,0.609857928,-0.342690431,NP,M603d_2905,M603d_2905D,28.22576419,2905D,dark,-0.003118335,-0.474170378,0.474170378,-0.554829101,R,0.609857928,0.474170378
M603d_3001,28.86613166,M603d,M6,3001,30,light,T3,0.00481774,0.732579815,0.732579815,-0.183226187,NP,M603d_3001,M603d_3001D,28.95810462,3001D,dark,-0.003719558,-0.565591522,0.565591522,-0.407079126,R,0.732579815,0.565591522
M603d_3103,30.49427192,M603d,M6,3103,31,light,T3,0.005279014,0.802720684,0.802720684,-0.102342093,NP,M603d_3103,M603d_3103D,30.37202762,3103D,dark,-0.003287866,-0.499948949,0.499948949,-0.510910712,R,0.802720684,0.499948949
M603d_3204,31.21435903,M603d,M6,3204,32,light,T3,0.004503921,0.684860872,0.684860872,-0.24224881,NP,M603d_3204,M603d_3204D,31.29777818,3204D,dark,-0.003532095,-0.537086182,0.537086182,-0.45085034,R,0.684860872,0.537086182
M603d_3306,32.52846709,M603d,M6,3306,33,light,T3,0.001229388,0.186939306,0.186939306,-1.248484564,NP,M603d_3306,M603d_3306D,32.43572633,3306D,dark,-0.002351548,-0.357573599,0.357573599,-0.781817536,R,0.186939306,0.357573599
M603d_3401,32.95190283,M603d,M6,3401,34,light,T3,-0.000284381,-0.043242649,0.043242649,-1.943215244,NP,M603d_3401,M603d_3401D,33.01158099,3401D,dark,-0.002475487,-0.376419568,0.376419568,-0.741456368,R,0.043242649,0.376419568
M60Ca_2706,26.29118037,M60Ca,M6,2706,27,light,C,0.002343796,0.352355268,0.352355268,-0.793287417,NP,M60Ca_2706,M60Ca_2706D,26.27136679,2706D,dark,-0.00258474,-0.388577669,0.388577669,-0.716256824,R,0.352355268,0.388577669
M60Ca_2802,27.13421339,M60Ca,M6,2802,28,light,C,0.003548745,0.53350169,0.53350169,-0.456492611,NP,M60Ca_2802,M60Ca_2802D,27.12133908,2802D,dark,-0.002909291,-0.437369256,0.437369256,-0.621069794,R,0.53350169,0.437369256
M60Ca_2903,28.44959961,M60Ca,M6,2903,29,light,C,0.004002829,0.601766607,0.601766607,-0.354154399,NP,M60Ca_2903,M60Ca_2903D,28.35137763,2903D,dark,-0.002559258,-0.3847469,0.3847469,-0.724128379,R,0.601766607,0.3847469
M60Ca_3005,29.18514998,M60Ca,M6,3005,30,light,C,0.000813968,0.122368107,0.122368107,-1.503421129,NP,M60Ca_3005,M60Ca_3005D,29.20171291,3005D,dark,-0.00270283,-0.406330831,0.406330831,-0.680565006,R,0.122368107,0.406330831
M60Ca_3101,30.3514694,M60Ca,M6,3101,31,light,C,0.005050843,0.759320086,0.759320086,-0.1516138,NP,M60Ca_3101,M60Ca_3101D,30.36909236,3101D,dark,-0.003014208,-0.453141943,0.453141943,-0.592140633,R,0.759320086,0.453141943
M60Ca_3202,31.38580314,M60Ca,M6,3202,32,light,C,0.004550492,0.684099618,0.684099618,-0.243219203,NP,M60Ca_3202,M60Ca_3202D,31.38277064,3202D,dark,-0.003032195,-0.455845954,0.455845954,-0.587264084,R,0.684099618,0.455845954
M60Ca_3304,32.42748933,M60Ca,M6,3304,33,light,C,0.001465801,0.220361593,0.220361593,-1.138304942,NP,M60Ca_3304,M60Ca_3304D,32.39924332,3304D,dark,-0.002506712,-0.376847373,0.376847373,-0.740558812,R,0.220361593,0.376847373
M60Ca_3405,33.10696028,M60Ca,M6,3405,34,light,C,-0.000809892,-0.121755419,0.121755419,-1.506180219,NP,M60Ca_3405,M60Ca_3405D,33.18198772,3405D,dark,-0.002029121,-0.30504856,0.30504856,-0.903748317,R,0.121755419,0.30504856
M60Cb_2704,26.28498025,M60Cb,M6,2704,27,light,C,0.002671139,0.494462715,0.494462715,-0.520097281,NP,M60Cb_2704,M60Cb_2704D,26.26309593,2704D,dark,-0.002091255,-0.387118536,0.387118536,-0.719247786,R,0.494462715,0.387118536
M60Cb_2805,27.37145484,M60Cb,M6,2805,28,light,C,0.002343525,0.433817137,0.433817137,-0.627701939,NP,M60Cb_2805,M60Cb_2805D,27.34688329,2805D,dark,-0.002157723,-0.399422772,0.399422772,-0.694302303,R,0.433817137,0.399422772
M60Cb_2901,28.30766567,M60Cb,M6,2901,29,light,C,0.00339857,0.629119788,0.629119788,-0.315917242,NP,M60Cb_2901,M60Cb_2901D,28.24647955,2901D,dark,-0.002501339,-0.463030498,0.463030498,-0.574421481,R,0.629119788,0.463030498
M60Cb_3002,29.40099195,M60Cb,M6,3002,30,light,C,0.002852699,0.528071937,0.528071937,-0.465100569,NP,M60Cb_3002,M60Cb_3002D,29.37323314,3002D,dark,-0.002043572,-0.378291959,0.378291959,-0.73753394,R,0.528071937,0.378291959
M60Cb_3104,30.02411286,M60Cb,M6,3104,31,light,C,0.003315576,0.613756496,0.613756496,-0.337213417,NP,M60Cb_3104,M60Cb_3104D,30.04231875,3104D,dark,-0.002146003,-0.397253247,0.397253247,-0.698655831,R,0.613756496,0.397253247
M60Cb_3206,31.35804599,M60Cb,M6,3206,32,light,C,0.000705871,0.130665913,0.130665913,-1.466784881,NP,M60Cb_3206,M60Cb_3206D,31.35983375,3206D,dark,-0.002491242,-0.461161438,0.461161438,-0.577746646,R,0.130665913,0.461161438
M60Cb_3301,32.35930273,M60Cb,M6,3301,33,light,C,0.001768787,0.327425606,0.327425606,-0.849975026,NP,M60Cb_3301,M60Cb_3301D,32.45287845,3301D,dark,-0.002490555,-0.461034194,0.461034194,-0.577973424,R,0.327425606,0.461034194
M60Cb_3403,33.17980026,M60Cb,M6,3403,34,light,C,0.000101054,0.01870648,0.01870648,-2.131101388,NP,M60Cb_3403,M60Cb_3403D,33.18091069,3403D,dark,-0.001099769,-0.203581681,0.203581681,-1.192104574,R,0.01870648,0.203581681
M60Cc_2706,26.39596864,M60Cc,M6,2706,27,light,C,0.0029427,0.379942137,0.379942137,-0.734089731,NP,M60Cc_2706,M60Cc_2706D,26.34844522,2706D,dark,-0.003103181,-0.400662358,0.400662358,-0.691823342,R,0.379942137,0.400662358
M60Cc_2801,27.16112401,M60Cc,M6,2801,28,light,C,0.003545488,0.457770061,0.457770061,-0.583808478,NP,M60Cc_2801,M60Cc_2801D,27.10480173,2801D,dark,-0.003208081,-0.414206308,0.414206308,-0.665130717,R,0.457770061,0.414206308
M60Cc_2903,28.80629054,M60Cc,M6,2903,29,light,C,0.004957583,0.640090495,0.640090495,-0.30098281,NP,M60Cc_2903,M60Cc_2903D,28.55941077,2903D,dark,-0.002741083,-0.353910612,0.353910612,-0.78985499,R,0.640090495,0.353910612
M60Cc_3004,29.33993631,M60Cc,M6,3004,30,light,C,0.001466314,0.189320791,0.189320791,-1.240219202,NP,M60Cc_3004,M60Cc_3004D,29.27355542,3004D,dark,-0.002996695,-0.386913577,0.386913577,-0.719668632,R,0.189320791,0.386913577
M60Cc_3106,29.88401847,M60Cc,M6,3106,31,light,C,0.002105134,0.271801105,0.271801105,-0.989396233,NP,M60Cc_3106,M60Cc_3106D,29.97430579,3106D,dark,-0.003801098,-0.490772808,0.490772808,-0.526323755,R,0.271801105,0.490772808
M60Cc_3202,31.47486591,M60Cc,M6,3202,32,light,C,0.005181666,0.669022717,0.669022717,-0.26263477,NP,M60Cc_3202,M60Cc_3202D,31.46723326,3202D,dark,-0.003245318,-0.419014117,0.419014117,-0.655824196,R,0.669022717,0.419014117
M60Cc_3303,32.50392171,M60Cc,M6,3303,33,light,C,0.002612807,0.337348472,0.337348472,-0.827024982,NP,M60Cc_3303,M60Cc_3303D,32.45508405,3303D,dark,-0.003016154,-0.389425989,0.389425989,-0.714522026,R,0.337348472,0.389425989
M60Cc_3405,32.98505792,M60Cc,M6,3405,34,light,C,-0.001578922,-0.203860065,0.203860065,-1.191187995,NP,M60Cc_3405,M60Cc_3405D,33.06132336,3405D,dark,-0.002603698,-0.336172308,0.336172308,-0.829717912,R,0.203860065,0.336172308
M60Cd_2705,26.46612711,M60Cd,M6,2705,27,light,C,0.002335599,0.456488981,0.456488981,-0.58610791,NP,M60Cd_2705,M60Cd_2705D,26.37104371,2705D,dark,-0.001760165,-0.344021342,0.344021342,-0.811882651,R,0.456488981,0.344021342
M60Cd_2801,27.2167535,M60Cd,M6,2801,28,light,C,0.002584294,0.50509605,0.50509605,-0.502368073,NP,M60Cd_2801,M60Cd_2801D,27.14272051,2801D,dark,-0.00226785,-0.443247579,0.443247579,-0.610190116,R,0.50509605,0.443247579
M60Cd_2902,28.47398725,M60Cd,M6,2902,29,light,C,0.003427558,0.669910583,0.669910583,-0.261480897,NP,M60Cd_2902,M60Cd_2902D,28.46268585,2902D,dark,-0.002131787,-0.416654314,0.416654314,-0.660381266,R,0.669910583,0.416654314
M60Cd_3004,29.27917435,M60Cd,M6,3004,30,light,C,0.001119927,0.218887923,0.218887923,-1.142915578,NP,M60Cd_3004,M60Cd_3004D,29.22632754,3004D,dark,-0.002170968,-0.424312131,0.424312131,-0.645668102,R,0.218887923,0.424312131
M60Cd_3106,30.01212774,M60Cd,M6,3106,31,light,C,0.001551582,0.303254051,0.303254051,-0.908188516,NP,M60Cd_3106,M60Cd_3106D,30.08975493,3106D,dark,-0.002188193,-0.427678709,0.427678709,-0.639267686,R,0.303254051,0.427678709
M60Cd_3201,31.20467013,M60Cd,M6,3201,32,light,C,0.003676957,0.718655063,0.718655063,-0.200092452,NP,M60Cd_3201,M60Cd_3201D,31.2462774,3201D,dark,-0.002678794,-0.523565839,0.523565839,-0.472300924,R,0.718655063,0.523565839
M60Cd_3303,32.44314712,M60Cd,M6,3303,33,light,C,0.001958145,0.382716151,0.382716151,-0.728326477,NP,M60Cd_3303,M60Cd_3303D,32.39515989,3303D,dark,-0.001913943,-0.374076921,0.374076921,-0.746385691,R,0.382716151,0.374076921
M60Cd_3404,33.26522731,M60Cd,M6,3404,34,light,C,-0.000453663,-0.088667748,0.088667748,-1.66776776,NP,M60Cd_3404,M60Cd_3404D,33.24075575,3404D,dark,-0.001673037,-0.32699223,0.32699223,-0.850989462,R,0.088667748,0.32699223
